,x,y,z,disorder,atom_id,residue_id,chain_id,selection,pssm1,pssm2,pssm3,pssm4,pssm5,pssm6,pssm7,pssm8,pssm9,pssm10,pssm11,pssm12,pssm13,pssm14,pssm15,pssm16,pssm17,pssm18,pssm19,pssm20,abs_solv_access,rel_solv_access,neighborhood1,neighborhood2,neighborhood3,neighborhood4,neighborhood5,neighborhood6,neighborhood7,neighborhood8,neighborhood9,neighborhood10,neighborhood11,neighborhood12,neighborhood13,neighborhood14,neighborhood15,neighborhood16,neighborhood17,neighborhood18,neighborhood19,neighborhood20,epitope
0,-24.133,-24.767,18.219,0,CB,SER,P,True,1.0,-1.0,1.0,0.0,-1.0,0.0,0.0,0.0,-1.0,-2.0,-3.0,0.0,-2.0,-2.0,-1.0,4.0,1.0,-3.0,-2.0,-2.0,0.6797423887587821,0.893076923076923,1.2499687507812312e-06,1.2499687507812312e-06,0.12499812504687388,0.12499812504687388,1.2499687507812312e-06,1.2499687507812312e-06,1.2499687507812312e-06,1.2499687507812312e-06,0.249995000124997,0.12499812504687388,1.2499687507812312e-06,0.12499812504687388,0.12499812504687388,1.2499687507812312e-06,1.2499687507812312e-06,1.2499687507812312e-06,1.2499687507812312e-06,1.2499687507812312e-06,1.2499687507812312e-06,0.12499812504687388,1.0
1,-28.357,-20.473,19.063,0,CB,TYR,P,True,-3.0,-3.0,-3.0,-4.0,-3.0,-3.0,-3.0,-4.0,-1.0,-1.0,-1.0,-3.0,-1.0,6.0,-4.0,-3.0,-3.0,1.0,5.0,-2.0,1.0,0.7693693693693694,0.06249984375195312,6.249921875976552e-07,0.18749828127148413,0.06249984375195312,6.249921875976552e-07,6.249921875976552e-07,6.249921875976552e-07,0.06249984375195312,0.12499906251171863,0.06249984375195312,6.249921875976552e-07,0.12499906251171863,0.06249984375195312,0.06249984375195312,6.249921875976552e-07,0.18749828127148413,6.249921875976552e-07,6.249921875976552e-07,6.249921875976552e-07,6.249921875976552e-07,1.0
2,-23.586,-17.962,18.898,0,CB,ASN,P,True,-2.0,-1.0,7.0,1.0,-3.0,-1.0,-1.0,-1.0,0.0,-4.0,-4.0,-1.0,-3.0,-4.0,-3.0,1.0,-1.0,-4.0,-3.0,-3.0,0.6293911007025761,0.6847133757961783,0.07692266272826574,7.692189350933067e-07,0.07692266272826574,0.07692266272826574,7.692189350933067e-07,7.692189350933067e-07,7.692189350933067e-07,0.07692266272826574,0.1538445562375964,0.07692266272826574,7.692189350933067e-07,0.1538445562375964,0.07692266272826574,7.692189350933067e-07,7.692189350933067e-07,0.1538445562375964,7.692189350933067e-07,7.692189350933067e-07,7.692189350933067e-07,0.07692266272826574,1.0
3,-22.494,-21.865,15.012,0,CB,ASP,P,True,-1.0,1.0,0.0,2.0,-4.0,1.0,2.0,-2.0,-1.0,-3.0,-3.0,5.0,-2.0,-4.0,-2.0,-1.0,-1.0,-4.0,-3.0,-3.0,0.6223653395784543,0.6521472392638036,0.07692266272826574,7.692189350933067e-07,7.692189350933067e-07,0.07692266272826574,7.692189350933067e-07,7.692189350933067e-07,7.692189350933067e-07,0.07692266272826574,0.1538445562375964,0.07692266272826574,7.692189350933067e-07,0.1538445562375964,0.07692266272826574,7.692189350933067e-07,7.692189350933067e-07,0.23076644974692703,7.692189350933067e-07,7.692189350933067e-07,7.692189350933067e-07,0.07692266272826574,1.0
4,-27.495,-20.508,13.504,0,CB,GLU,P,True,1.0,-1.0,-1.0,2.0,-3.0,1.0,5.0,-2.0,-1.0,-3.0,-3.0,0.0,-2.0,-4.0,-2.0,0.0,-1.0,-4.0,-3.0,-2.0,0.4988290398126464,0.4391752577319588,0.09523766440319617,4.7618594108627557e-07,0.09523766440319617,0.04761907029456863,4.7618594108627557e-07,4.7618594108627557e-07,4.7618594108627557e-07,0.09523766440319617,0.09523766440319617,0.09523766440319617,4.7618594108627557e-07,0.1428562585118237,0.04761907029456863,0.04761907029456863,4.7618594108627557e-07,0.19047485262045125,4.7618594108627557e-07,4.7618594108627557e-07,4.7618594108627557e-07,0.04761907029456863,0.0
5,-25.935,-15.675,15.243,0,CB,LYS,P,True,-1.0,2.0,-1.0,-2.0,-3.0,5.0,0.0,-3.0,-1.0,-1.0,0.0,1.0,2.0,-2.0,-2.0,-1.0,0.0,1.0,-2.0,-1.0,0.2722482435597189,0.22682926829268288,0.07407389574892038,3.7036762690646747e-07,0.11111065843956712,0.07407389574892038,0.03703713305827365,3.7036762690646747e-07,3.7036762690646747e-07,0.07407389574892038,0.03703713305827365,0.14814742113021387,3.7036762690646747e-07,0.11111065843956712,0.03703713305827365,0.03703713305827365,3.7036762690646747e-07,0.2222209465115073,3.7036762690646747e-07,3.7036762690646747e-07,3.7036762690646747e-07,0.03703713305827365,1.0
6,-21.275,-16.757,13.49,0,CB,LYS,P,True,-1.0,1.0,-1.0,-1.0,-3.0,5.0,1.0,-1.0,-1.0,-2.0,-1.0,1.0,-1.0,-3.0,-2.0,0.0,0.0,-3.0,-2.0,-1.0,0.8243559718969555,0.686829268292683,0.1052625761834086,5.263102493657963e-07,0.05263155124682899,0.1052625761834086,5.263102493657963e-07,5.263102493657963e-07,5.263102493657963e-07,0.1052625761834086,0.05263155124682899,0.15789360111998824,5.263102493657963e-07,0.15789360111998824,0.05263155124682899,5.263102493657963e-07,5.263102493657963e-07,0.15789360111998824,5.263102493657963e-07,5.263102493657963e-07,5.263102493657963e-07,0.05263155124682899,1.0
7,-23.275,-19.234,9.257,0,CB,LEU,P,True,-1.0,0.0,4.0,0.0,-2.0,-1.0,0.0,-1.0,-1.0,-1.0,-1.0,-1.0,-1.0,-2.0,-2.0,1.0,0.0,2.0,-2.0,0.0,0.673887587822014,0.7018292682926829,0.1052625761834086,5.263102493657963e-07,0.05263155124682899,0.1052625761834086,5.263102493657963e-07,5.263102493657963e-07,5.263102493657963e-07,0.1052625761834086,0.1052625761834086,0.1052625761834086,5.263102493657963e-07,0.15789360111998824,0.05263155124682899,5.263102493657963e-07,5.263102493657963e-07,0.15789360111998824,5.263102493657963e-07,5.263102493657963e-07,5.263102493657963e-07,0.05263155124682899,1.0
8,-27.39,-16.019,9.249,0,CB,ALA,P,True,5.0,-2.0,-2.0,-2.0,-1.0,-1.0,-1.0,0.0,-2.0,-2.0,-2.0,-1.0,-2.0,-3.0,-1.0,1.0,-1.0,-3.0,-2.0,-1.0,0.023419203747072605,0.037735849056603765,0.1290317481822698,3.225785640092646e-07,0.06451603538041692,0.06451603538041692,0.032258178979490466,3.225785640092646e-07,3.225785640092646e-07,0.06451603538041692,0.09677389178134337,0.16128960458319627,3.225785640092646e-07,0.16128960458319627,0.032258178979490466,0.032258178979490466,3.225785640092646e-07,0.1290317481822698,3.225785640092646e-07,3.225785640092646e-07,3.225785640092646e-07,0.032258178979490466,0.0
9,-24.074,-12.165,11.063,0,CB,SER,P,True,-2.0,0.0,-2.0,-3.0,-3.0,-2.0,-3.0,0.0,-1.0,0.0,-1.0,-2.0,-1.0,6.0,-3.0,0.0,-1.0,0.0,2.0,-1.0,0.21252927400468377,0.2792307692307692,0.07999976000192,3.9999680002560006e-07,0.04000007999936002,0.07999976000192,0.04000007999936002,3.9999680002560006e-07,3.9999680002560006e-07,0.07999976000192,0.07999976000192,0.23999848001215995,3.9999680002560006e-07,0.15999912000703995,0.04000007999936002,3.9999680002560006e-07,0.04000007999936002,0.11999944000448,3.9999680002560006e-07,3.9999680002560006e-07,3.9999680002560006e-07,3.9999680002560006e-07,1.0
10,-20.378,-13.975,7.57,0,CB,ASN,P,True,-1.0,0.0,0.0,-2.0,-3.0,0.0,-2.0,0.0,0.0,-2.0,-2.0,-1.0,-2.0,1.0,-3.0,0.0,-1.0,5.0,6.0,-1.0,0.522248243559719,0.5681528662420384,0.12499906251171863,6.249921875976552e-07,0.06249984375195312,0.12499906251171863,6.249921875976552e-07,6.249921875976552e-07,6.249921875976552e-07,0.12499906251171863,0.12499906251171863,0.24999750003124965,6.249921875976552e-07,0.12499906251171863,6.249921875976552e-07,6.249921875976552e-07,6.249921875976552e-07,0.06249984375195312,6.249921875976552e-07,6.249921875976552e-07,6.249921875976552e-07,6.249921875976552e-07,1.0
11,-24.763,-14.918,4.355,0,CB,GLU,P,True,-1.0,-1.0,-1.0,1.0,-4.0,2.0,6.0,-3.0,-1.0,-4.0,-3.0,0.0,-2.0,-4.0,-2.0,-1.0,-1.0,-3.0,-3.0,-3.0,0.45140515222482414,0.3974226804123712,0.1999988000096,3.9999680002560006e-07,3.9999680002560006e-07,0.04000007999936002,0.04000007999936002,3.9999680002560006e-07,3.9999680002560006e-07,0.07999976000192,0.11999944000448,0.23999848001215995,3.9999680002560006e-07,0.11999944000448,0.04000007999936002,3.9999680002560006e-07,0.04000007999936002,0.07999976000192,3.9999680002560006e-07,3.9999680002560006e-07,3.9999680002560006e-07,3.9999680002560006e-07,0.0
12,-26.443,-10.074,6.521,0,CB,ILE,P,True,-2.0,-4.0,-4.0,-4.0,-2.0,-3.0,-4.0,-4.0,-4.0,5.0,1.0,-3.0,1.0,-1.0,-3.0,-3.0,-1.0,-3.0,-2.0,3.0,0.0035128805620608886,0.0035502958579881646,0.16216155588348166,2.702688093577872e-07,2.702688093577872e-07,0.08108091307614552,0.02702715120458808,2.702688093577872e-07,2.702688093577872e-07,0.02702715120458808,0.08108091307614552,0.1891884368192604,2.702688093577872e-07,0.1891884368192604,0.02702715120458808,0.0540540321403668,0.02702715120458808,0.13513467494770295,2.702688093577872e-07,2.702688093577872e-07,2.702688093577872e-07,2.702688093577872e-07,1.0
13,-21.154,-9.027,6.368,0,CB,ALA,P,True,0.0,-1.0,-3.0,-3.0,-2.0,-2.0,-3.0,-3.0,0.0,1.0,3.0,-2.0,2.0,1.0,-3.0,-2.0,-1.0,-1.0,1.0,1.0,0.37353629976580793,0.6018867924528302,0.1052625761834086,5.263102493657963e-07,5.263102493657963e-07,0.05263155124682899,0.05263155124682899,5.263102493657963e-07,5.263102493657963e-07,0.1052625761834086,0.1052625761834086,0.26315565099314747,5.263102493657963e-07,0.15789360111998824,0.05263155124682899,5.263102493657963e-07,0.05263155124682899,0.05263155124682899,5.263102493657963e-07,5.263102493657963e-07,5.263102493657963e-07,5.263102493657963e-07,1.0
14,-21.487,-11.472,1.504,0,CB,ASN,P,True,-2.0,0.0,3.0,-1.0,-3.0,0.0,-1.0,-1.0,6.0,-3.0,-2.0,0.0,-2.0,-2.0,-2.0,0.0,0.0,2.0,1.0,-3.0,0.726580796252927,0.7904458598726111,0.12499906251171863,6.249921875976552e-07,6.249921875976552e-07,0.06249984375195312,6.249921875976552e-07,6.249921875976552e-07,6.249921875976552e-07,0.06249984375195312,0.06249984375195312,0.31249671879101515,6.249921875976552e-07,0.18749828127148413,0.06249984375195312,6.249921875976552e-07,0.06249984375195312,0.06249984375195312,6.249921875976552e-07,6.249921875976552e-07,6.249921875976552e-07,6.249921875976552e-07,0.0
15,-25.822,-8.106,0.854,0,CB,LEU,P,True,-2.0,-2.0,-4.0,-4.0,-2.0,-2.0,-3.0,-4.0,-3.0,1.0,4.0,-3.0,4.0,0.0,-3.0,-3.0,-2.0,-2.0,-2.0,0.0,0.1481264637002342,0.15426829268292683,0.206895469686416,3.4482520810201324e-07,0.03448286563540942,0.06896538644561075,0.03448286563540942,3.4482520810201324e-07,3.4482520810201324e-07,0.06896538644561075,0.06896538644561075,0.17241294887621467,3.4482520810201324e-07,0.17241294887621467,0.03448286563540942,0.06896538644561075,0.03448286563540942,0.03448286563540942,3.4482520810201324e-07,3.4482520810201324e-07,3.4482520810201324e-07,3.4482520810201324e-07,0.0
16,-22.651,-5.099,-2.878,0,CB,PRO,P,True,-2.0,-3.0,-3.0,-2.0,-4.0,-2.0,-2.0,-3.0,-3.0,-4.0,-4.0,-2.0,-3.0,-4.0,8.0,-2.0,-2.0,-4.0,-4.0,-3.0,0.5714285714285713,0.7176470588235295,0.1999980000266664,6.666577778962952e-07,0.0666664444474074,0.0666664444474074,6.666577778962952e-07,6.666577778962952e-07,6.666577778962952e-07,0.0666664444474074,0.0666664444474074,0.1333322222370369,6.666577778962952e-07,0.26666377781629585,6.666577778962952e-07,0.0666664444474074,0.0666664444474074,6.666577778962952e-07,6.666577778962952e-07,6.666577778962952e-07,6.666577778962952e-07,6.666577778962952e-07,0.0
17,-27.256,-3.22,-3.068,0,CB,ASN,P,True,-2.0,-1.0,7.0,1.0,-3.0,-1.0,-1.0,-1.0,0.0,-4.0,-4.0,-1.0,-3.0,-3.0,-3.0,0.0,-1.0,-4.0,-1.0,-4.0,0.33840749414519905,0.3681528662420381,0.1999985000149999,4.999950000499998e-07,0.05000000000000002,0.05000000000000002,0.05000000000000002,4.999950000499998e-07,4.999950000499998e-07,0.05000000000000002,0.099999500005,0.14999900000999997,4.999950000499998e-07,0.14999900000999997,0.05000000000000002,0.099999500005,0.05000000000000002,4.999950000499998e-07,4.999950000499998e-07,4.999950000499998e-07,4.999950000499998e-07,4.999950000499998e-07,0.0
18,-28.085,-3.748,2.714,0,CB,LEU,P,True,-2.0,-3.0,-4.0,-4.0,-2.0,-3.0,-3.0,-4.0,-3.0,1.0,5.0,-3.0,2.0,0.0,-3.0,-3.0,-2.0,-2.0,-2.0,0.0,0.0392271662763466,0.04085365853658537,0.17241294887621467,3.4482520810201324e-07,0.03448286563540942,0.13793042806601336,0.03448286563540942,3.4482520810201324e-07,3.4482520810201324e-07,0.03448286563540942,0.06896538644561075,0.17241294887621467,3.4482520810201324e-07,0.13793042806601336,0.03448286563540942,0.06896538644561075,0.03448286563540942,0.06896538644561075,3.4482520810201324e-07,3.4482520810201324e-07,3.4482520810201324e-07,3.4482520810201324e-07,0.0
19,-28.631,1.933,3.532,0,CB,ASN,P,True,-2.0,-1.0,6.0,0.0,-3.0,-1.0,-1.0,-1.0,0.0,-3.0,-3.0,-1.0,-2.0,-3.0,-2.0,1.0,2.0,-4.0,-3.0,-3.0,0.4338407494145198,0.4719745222929937,0.06249984375195312,6.249921875976552e-07,6.249921875976552e-07,0.12499906251171863,0.06249984375195312,6.249921875976552e-07,6.249921875976552e-07,0.06249984375195312,6.249921875976552e-07,0.24999750003124965,6.249921875976552e-07,0.12499906251171863,0.06249984375195312,0.12499906251171863,0.06249984375195312,0.06249984375195312,6.249921875976552e-07,6.249921875976552e-07,6.249921875976552e-07,6.249921875976552e-07,0.0
20,-26.096,1.9,8.077,0,CB,GLU,P,True,0.0,0.0,0.0,1.0,-3.0,1.0,4.0,0.0,-1.0,-3.0,-3.0,0.0,-2.0,-3.0,0.0,0.0,-1.0,3.0,-2.0,-2.0,0.9279859484777517,0.8170103092783506,0.09090834712096145,9.0907438046581e-07,9.0907438046581e-07,0.09090834712096145,0.09090834712096145,9.0907438046581e-07,9.0907438046581e-07,9.0907438046581e-07,9.0907438046581e-07,0.18181578516754243,9.0907438046581e-07,0.18181578516754243,9.0907438046581e-07,0.18181578516754243,0.09090834712096145,0.09090834712096145,9.0907438046581e-07,9.0907438046581e-07,9.0907438046581e-07,9.0907438046581e-07,1.0
21,-31.543,1.87,8.006,0,CB,GLU,P,True,-1.0,0.0,-1.0,2.0,-4.0,2.0,5.0,-1.0,-1.0,-3.0,-2.0,0.0,-2.0,-3.0,0.0,-1.0,-1.0,-3.0,-3.0,-2.0,0.9537470725995315,0.8396907216494844,0.08333277778703689,8.333194446759223e-07,8.333194446759223e-07,0.08333277778703689,0.08333277778703689,8.333194446759223e-07,8.333194446759223e-07,8.333194446759223e-07,8.333194446759223e-07,0.24999666672222132,8.333194446759223e-07,0.08333277778703689,8.333194446759223e-07,0.1666647222546291,0.08333277778703689,0.1666647222546291,8.333194446759223e-07,8.333194446759223e-07,8.333194446759223e-07,8.333194446759223e-07,0.0
22,-31.359,-2.293,4.972,0,CB,GLN,P,True,-2.0,0.0,-1.0,-1.0,-4.0,7.0,1.0,-3.0,0.0,-4.0,-3.0,1.0,-1.0,-4.0,-2.0,-1.0,-1.0,-3.0,-2.0,-3.0,0.24473067915690863,0.2111111111111111,0.1363628512468069,4.5454132235161515e-07,4.5454132235161515e-07,0.1363628512468069,0.045454586776483855,4.5454132235161515e-07,4.5454132235161515e-07,0.09090871901164536,4.5454132235161515e-07,0.22727111571712988,4.5454132235161515e-07,0.1363628512468069,4.5454132235161515e-07,0.045454586776483855,0.045454586776483855,0.1363628512468069,4.5454132235161515e-07,4.5454132235161515e-07,4.5454132235161515e-07,4.5454132235161515e-07,0.0
23,-26.762,-3.736,7.418,0,CB,ARG,P,True,-2.0,5.0,-1.0,-2.0,-3.0,1.0,-1.0,-3.0,-1.0,-2.0,-1.0,2.0,-1.0,-1.0,-2.0,-1.0,-1.0,-3.0,-2.0,-1.0,0.4730679156908665,0.3258064516129032,0.11999944000448,3.9999680002560006e-07,3.9999680002560006e-07,0.11999944000448,0.04000007999936002,3.9999680002560006e-07,3.9999680002560006e-07,0.07999976000192,3.9999680002560006e-07,0.15999912000703995,3.9999680002560006e-07,0.1999988000096,0.04000007999936002,0.07999976000192,3.9999680002560006e-07,0.15999912000703995,3.9999680002560006e-07,3.9999680002560006e-07,3.9999680002560006e-07,3.9999680002560006e-07,1.0
24,-29.195,-1.972,11.751,0,CB,SER,P,True,-1.0,0.0,5.0,0.0,1.0,0.0,-1.0,-1.0,1.0,-2.0,-3.0,1.0,-2.0,1.0,-2.0,0.0,-1.0,-3.0,-1.0,-2.0,0.44672131147540967,0.5869230769230769,0.0666664444474074,6.666577778962952e-07,0.0666664444474074,0.1333322222370369,0.0666664444474074,6.666577778962952e-07,6.666577778962952e-07,0.1333322222370369,6.666577778962952e-07,0.1333322222370369,6.666577778962952e-07,0.1333322222370369,6.666577778962952e-07,0.0666664444474074,0.0666664444474074,0.1333322222370369,6.666577778962952e-07,6.666577778962952e-07,6.666577778962952e-07,6.666577778962952e-07,1.0
25,-33.642,-4.072,9.606,0,CB,ALA,P,True,4.0,-2.0,-1.0,-2.0,-2.0,-2.0,-2.0,4.0,-2.0,-3.0,-3.0,-1.0,-2.0,-3.0,-2.0,0.0,-1.0,-3.0,-3.0,-1.0,0.3272833723653396,0.5273584905660377,0.05263155124682899,5.263102493657963e-07,0.05263155124682899,0.15789360111998824,0.05263155124682899,5.263102493657963e-07,5.263102493657963e-07,0.1052625761834086,5.263102493657963e-07,0.21052462605656783,5.263102493657963e-07,0.1052625761834086,5.263102493657963e-07,0.05263155124682899,0.05263155124682899,0.15789360111998824,5.263102493657963e-07,5.263102493657963e-07,5.263102493657963e-07,5.263102493657963e-07,0.0
26,-31.085,-8.266,7.922,0,CB,PHE,P,True,-3.0,-4.0,-4.0,-4.0,-3.0,-4.0,-4.0,-4.0,-2.0,-1.0,0.0,-4.0,-1.0,7.0,-4.0,-3.0,-3.0,0.0,2.0,-2.0,0.063231850117096,0.05482233502538071,0.13513467494770295,2.702688093577872e-07,0.0540540321403668,0.10810779401192425,2.702688093577872e-07,2.702688093577872e-07,2.702688093577872e-07,0.0540540321403668,0.08108091307614552,0.16216155588348166,2.702688093577872e-07,0.13513467494770295,0.02702715120458808,0.08108091307614552,0.02702715120458808,0.13513467494770295,2.702688093577872e-07,2.702688093577872e-07,2.702688093577872e-07,2.702688093577872e-07,0.0
27,-27.551,-7.66,11.804,0,CB,LEU,P,True,-2.0,-4.0,-4.0,-4.0,-2.0,-3.0,-4.0,-4.0,-4.0,6.0,1.0,-3.0,1.0,-1.0,-3.0,-3.0,-1.0,-3.0,-2.0,2.0,0.3776346604215456,0.3932926829268293,0.1290317481822698,3.225785640092646e-07,0.06451603538041692,0.09677389178134337,0.032258178979490466,3.225785640092646e-07,3.225785640092646e-07,0.06451603538041692,0.06451603538041692,0.16128960458319627,3.225785640092646e-07,0.1290317481822698,0.032258178979490466,0.032258178979490466,0.032258178979490466,0.16128960458319627,3.225785640092646e-07,3.225785640092646e-07,3.225785640092646e-07,3.225785640092646e-07,1.0
28,-31.667,-6.37,15.02,0,CB,SER,P,True,-1.0,1.0,0.0,0.0,-3.0,5.0,1.0,-2.0,1.0,-3.0,-2.0,0.0,-1.0,-1.0,-2.0,1.0,-1.0,2.0,-1.0,-2.0,0.4215456674473068,0.5538461538461539,0.055555493827846365,5.555493827846358e-07,0.11111043210630996,0.055555493827846365,0.055555493827846365,5.555493827846358e-07,5.555493827846358e-07,0.11111043210630996,0.055555493827846365,0.11111043210630996,5.555493827846358e-07,0.055555493827846365,0.055555493827846365,0.11111043210630996,0.055555493827846365,0.16666537038477355,5.555493827846358e-07,5.555493827846358e-07,5.555493827846358e-07,5.555493827846358e-07,1.0
29,-34.402,-10.16,12.153,0,CB,SER,P,True,1.0,-1.0,0.0,-1.0,-1.0,-1.0,-1.0,-1.0,-1.0,-3.0,-3.0,-1.0,-2.0,-3.0,-1.0,5.0,1.0,-3.0,-2.0,-2.0,0.3196721311475409,0.42,0.12499937500520832,4.1666319447337947e-07,0.08333305555787036,0.04166673611053242,0.04166673611053242,4.1666319447337947e-07,4.1666319447337947e-07,0.08333305555787036,0.04166673611053242,0.12499937500520832,4.1666319447337947e-07,0.08333305555787036,0.04166673611053242,0.08333305555787036,0.04166673611053242,0.20833201389988415,4.1666319447337947e-07,4.1666319447337947e-07,4.1666319447337947e-07,4.1666319447337947e-07,0.0
30,-29.653,-12.729,12.277,0,CB,ILE,P,True,-2.0,-3.0,-4.0,-4.0,-2.0,-3.0,-3.0,-4.0,-3.0,2.0,5.0,-3.0,2.0,0.0,-3.0,-3.0,-2.0,-2.0,-2.0,1.0,0.00117096018735363,0.001183431952662722,0.1666660185221193,2.7777623457647457e-07,0.08333314814917693,0.08333314814917693,0.02777790123388203,2.7777623457647457e-07,2.7777623457647457e-07,0.02777790123388203,0.05555552469152948,0.1388883950644718,2.7777623457647457e-07,0.11111077160682437,0.02777790123388203,0.05555552469152948,0.02777790123388203,0.1666660185221193,2.7777623457647457e-07,2.7777623457647457e-07,2.7777623457647457e-07,0.02777790123388203,1.0
31,-29.265,-10.412,17.017,0,CB,ASN,P,True,-1.0,2.0,0.0,-1.0,-3.0,0.0,0.0,-2.0,1.0,0.0,-1.0,4.0,-1.0,-1.0,-2.0,-1.0,0.0,1.0,0.0,-1.0,0.5942622950819672,0.6464968152866241,0.08695620038086625,4.347788280101913e-07,0.08695620038086625,0.04347831757984714,0.04347831757984714,4.347788280101913e-07,4.347788280101913e-07,0.08695620038086625,0.08695620038086625,0.08695620038086625,4.347788280101913e-07,0.04347831757984714,0.04347831757984714,0.04347831757984714,0.04347831757984714,0.26086773158494275,4.347788280101913e-07,4.347788280101913e-07,4.347788280101913e-07,0.04347831757984714,1.0
32,-34.404,-11.398,17.581,0,CB,ASP,P,True,-2.0,-2.0,1.0,7.0,-4.0,-1.0,1.0,-2.0,-2.0,-4.0,-4.0,-1.0,-4.0,-4.0,-2.0,-1.0,-2.0,-5.0,-4.0,-4.0,0.812646370023419,0.8515337423312883,0.06249984375195312,6.249921875976552e-07,0.06249984375195312,6.249921875976552e-07,0.06249984375195312,6.249921875976552e-07,6.249921875976552e-07,0.06249984375195312,0.06249984375195312,0.12499906251171863,6.249921875976552e-07,0.06249984375195312,0.06249984375195312,0.06249984375195312,6.249921875976552e-07,0.31249671879101515,6.249921875976552e-07,6.249921875976552e-07,6.249921875976552e-07,0.06249984375195312,1.0
33,-35.565,-15.628,16.096,0,CB,ASP,P,True,-2.0,-2.0,1.0,7.0,-4.0,-1.0,1.0,-2.0,-2.0,-4.0,-4.0,-1.0,-4.0,-4.0,-2.0,-1.0,-2.0,-5.0,-4.0,-4.0,0.34601873536299765,0.3625766871165644,0.11111043210630998,5.555493827846362e-07,0.05555549382784639,0.05555549382784639,0.05555549382784639,5.555493827846362e-07,5.555493827846362e-07,0.05555549382784639,0.05555549382784639,0.11111043210630998,5.555493827846362e-07,0.11111043210630998,0.05555549382784639,0.05555549382784639,5.555493827846362e-07,0.22222030866323716,5.555493827846362e-07,5.555493827846362e-07,5.555493827846362e-07,0.05555549382784639,0.0
34,-30.324,-18.256,15.157,0,CB,PRO,P,True,0.0,-3.0,-3.0,-2.0,-3.0,-2.0,-2.0,-3.0,-3.0,-3.0,-3.0,-2.0,-3.0,-4.0,8.0,-1.0,-2.0,-4.0,-4.0,-3.0,0.06733021077283372,0.08455882352941177,0.07999976000191998,3.9999680002559995e-07,0.11999944000447998,0.040000079999360005,0.040000079999360005,3.9999680002559995e-07,3.9999680002559995e-07,0.040000079999360005,0.07999976000191998,0.15999912000703995,3.9999680002559995e-07,0.11999944000447998,3.9999680002559995e-07,0.040000079999360005,3.9999680002559995e-07,0.23999848001215993,3.9999680002559995e-07,3.9999680002559995e-07,3.9999680002559995e-07,0.040000079999360005,0.0
35,-34.915,-20.927,14.052,0,CB,SER,P,True,1.0,-1.0,0.0,-1.0,-2.0,0.0,0.0,-1.0,-1.0,-3.0,-3.0,-1.0,-2.0,-3.0,-1.0,5.0,1.0,-3.0,-2.0,-2.0,0.4707259953161593,0.6184615384615384,0.1333322222370369,6.666577778962952e-07,0.1333322222370369,0.0666664444474074,6.666577778962952e-07,6.666577778962952e-07,6.666577778962952e-07,0.0666664444474074,0.0666664444474074,0.0666664444474074,6.666577778962952e-07,0.1333322222370369,0.0666664444474074,0.0666664444474074,6.666577778962952e-07,0.1333322222370369,6.666577778962952e-07,6.666577778962952e-07,6.666577778962952e-07,0.0666664444474074,0.0
36,-35.934,-16.178,11.382,0,CB,GLN,P,True,-1.0,0.0,-1.0,-1.0,-3.0,5.0,1.0,-3.0,-1.0,-1.0,-2.0,0.0,-1.0,-3.0,-2.0,-1.0,0.0,-3.0,-2.0,2.0,0.47540983606557374,0.4101010101010101,0.1818169834819684,4.5454132235161526e-07,0.09090871901164538,0.09090871901164538,0.04545458677648386,4.5454132235161526e-07,4.5454132235161526e-07,0.09090871901164538,0.04545458677648386,0.09090871901164538,4.5454132235161526e-07,0.09090871901164538,0.04545458677648386,4.5454132235161526e-07,4.5454132235161526e-07,0.1818169834819684,4.5454132235161526e-07,4.5454132235161526e-07,4.5454132235161526e-07,0.04545458677648386,0.0
37,-30.622,-17.915,9.405,0,CB,SER,P,True,1.0,-1.0,0.0,-1.0,-1.0,-1.0,-1.0,-1.0,-1.0,-3.0,-3.0,-1.0,-2.0,-3.0,-1.0,5.0,1.0,-3.0,-2.0,-2.0,0.08899297423887585,0.11692307692307688,0.14285647959657433,3.5714030614067055e-07,0.10714244898250729,0.10714244898250729,0.0357143877543732,3.5714030614067055e-07,3.5714030614067055e-07,0.07142841836844024,0.10714244898250729,0.14285647959657433,3.5714030614067055e-07,0.07142841836844024,0.0357143877543732,0.0357143877543732,3.5714030614067055e-07,0.10714244898250729,3.5714030614067055e-07,3.5714030614067055e-07,3.5714030614067055e-07,0.0357143877543732,0.0
38,-33.461,-20.457,5.712,0,CB,ALA,P,True,4.0,-1.0,0.0,-2.0,-1.0,0.0,-1.0,-1.0,-2.0,-2.0,-2.0,1.0,-1.0,-3.0,-1.0,1.0,0.0,-3.0,-2.0,-1.0,0.44789227166276346,0.7216981132075468,0.17646910036352517,5.882283737838381e-07,0.058823425606757594,0.17646910036352517,5.882283737838381e-07,5.882283737838381e-07,5.882283737838381e-07,0.11764626298514139,0.058823425606757594,0.11764626298514139,5.882283737838381e-07,0.058823425606757594,0.058823425606757594,0.058823425606757594,5.882283737838381e-07,0.11764626298514139,5.882283737838381e-07,5.882283737838381e-07,5.882283737838381e-07,5.882283737838381e-07,0.0
39,-37.131,-16.798,6.469,0,CB,ASN,P,True,-2.0,-1.0,6.0,3.0,-3.0,0.0,1.0,-1.0,0.0,-4.0,-4.0,-1.0,-3.0,-4.0,-2.0,0.0,-1.0,-4.0,-3.0,-3.0,0.6153395784543324,0.6694267515923568,0.22222030866323716,5.555493827846362e-07,0.05555549382784639,0.05555549382784639,0.05555549382784639,5.555493827846362e-07,5.555493827846362e-07,0.11111043210630998,0.11111043210630998,0.11111043210630998,5.555493827846362e-07,5.555493827846362e-07,0.05555549382784639,0.05555549382784639,5.555493827846362e-07,0.16666537038477358,5.555493827846362e-07,5.555493827846362e-07,5.555493827846362e-07,5.555493827846362e-07,0.0
40,-33.484,-13.224,7.81,0,CB,LEU,P,True,-2.0,-3.0,-4.0,-4.0,-2.0,-3.0,-3.0,-4.0,-3.0,3.0,4.0,-3.0,1.0,0.0,-3.0,-3.0,-1.0,-2.0,-1.0,2.0,0.09016393442622953,0.09390243902439024,0.16128960458319627,3.225785640092646e-07,0.06451603538041692,0.06451603538041692,0.032258178979490466,3.225785640092646e-07,3.225785640092646e-07,0.06451603538041692,0.09677389178134337,0.16128960458319627,3.225785640092646e-07,0.09677389178134337,0.032258178979490466,0.06451603538041692,3.225785640092646e-07,0.16128960458319627,3.225785640092646e-07,3.225785640092646e-07,3.225785640092646e-07,3.225785640092646e-07,0.0
41,-30.421,-15.422,3.957,0,CB,LEU,P,True,-2.0,-3.0,-4.0,-4.0,-2.0,-3.0,-3.0,-4.0,-3.0,1.0,5.0,-3.0,2.0,0.0,-3.0,-3.0,-2.0,-2.0,-2.0,0.0,0.11885245901639344,0.12378048780487803,0.16128960458319627,3.225785640092646e-07,0.032258178979490466,0.09677389178134337,0.032258178979490466,3.225785640092646e-07,3.225785640092646e-07,0.06451603538041692,0.1290317481822698,0.19354746098412273,3.225785640092646e-07,0.1290317481822698,0.032258178979490466,0.032258178979490466,3.225785640092646e-07,0.09677389178134337,3.225785640092646e-07,3.225785640092646e-07,3.225785640092646e-07,3.225785640092646e-07,0.0
42,-34.96,-15.787,1.207,0,CB,ALA,P,True,4.0,-2.0,0.0,-2.0,-1.0,-1.0,-1.0,1.0,-2.0,-2.0,-2.0,-1.0,-1.0,-3.0,-1.0,1.0,0.0,-3.0,-2.0,0.0,0.34309133489461363,0.5528301886792453,0.15789360111998824,5.263102493657963e-07,0.05263155124682899,0.1052625761834086,0.05263155124682899,5.263102493657963e-07,5.263102493657963e-07,0.1052625761834086,0.1052625761834086,0.21052462605656783,5.263102493657963e-07,0.1052625761834086,5.263102493657963e-07,0.05263155124682899,5.263102493657963e-07,0.05263155124682899,5.263102493657963e-07,5.263102493657963e-07,5.263102493657963e-07,5.263102493657963e-07,0.0
43,-36.159,-11.142,3.46,0,CB,GLU,P,True,-1.0,-1.0,-1.0,1.0,1.0,1.0,6.0,-3.0,-1.0,-4.0,-3.0,0.0,-3.0,-4.0,-2.0,-1.0,-1.0,-3.0,-3.0,-3.0,0.6627634660421545,0.5835051546391753,0.2272711157171299,4.5454132235161526e-07,0.04545458677648386,4.5454132235161526e-07,0.04545458677648386,4.5454132235161526e-07,4.5454132235161526e-07,0.09090871901164538,0.09090871901164538,0.2272711157171299,4.5454132235161526e-07,0.09090871901164538,4.5454132235161526e-07,0.09090871901164538,4.5454132235161526e-07,0.09090871901164538,4.5454132235161526e-07,4.5454132235161526e-07,4.5454132235161526e-07,4.5454132235161526e-07,0.0
44,-30.96,-9.933,3.235,0,CB,ALA,P,True,5.0,-2.0,-2.0,-2.0,-1.0,-1.0,-1.0,0.0,-2.0,-2.0,-2.0,-1.0,-1.0,-3.0,-1.0,1.0,-1.0,-3.0,-2.0,-1.0,0.0,0.0,0.19999900000666665,3.33331111125926e-07,0.03333344444370372,0.06666655555629632,0.03333344444370372,3.33331111125926e-07,3.33331111125926e-07,0.06666655555629632,0.06666655555629632,0.19999900000666665,3.33331111125926e-07,0.09999966666888889,0.03333344444370372,0.09999966666888889,0.03333344444370372,0.06666655555629632,3.33331111125926e-07,3.33331111125926e-07,3.33331111125926e-07,3.33331111125926e-07,0.0
45,-30.806,-12.538,-1.477,0,CB,LYS,P,True,-1.0,2.0,-1.0,-1.0,-4.0,2.0,0.0,-2.0,-1.0,-3.0,-3.0,6.0,-2.0,-4.0,-2.0,-1.0,-1.0,-4.0,-2.0,-3.0,0.6381733021077283,0.5317073170731708,0.24999833334722213,4.1666319447337963e-07,0.041666736110532426,0.08333305555787036,0.041666736110532426,4.1666319447337963e-07,4.1666319447337963e-07,0.041666736110532426,0.041666736110532426,0.2083320138998842,4.1666319447337963e-07,0.16666569445254625,0.041666736110532426,0.041666736110532426,4.1666319447337963e-07,0.041666736110532426,4.1666319447337963e-07,4.1666319447337963e-07,4.1666319447337963e-07,4.1666319447337963e-07,0.0
46,-35.644,-10.515,-2.318,0,CB,LYS,P,True,0.0,2.0,-1.0,-1.0,-3.0,1.0,0.0,-2.0,-1.0,-3.0,-3.0,6.0,-2.0,-4.0,-2.0,0.0,-1.0,-4.0,-2.0,-3.0,0.9408665105386412,0.78390243902439,0.235291937741909,5.882283737838382e-07,0.0588234256067576,0.0588234256067576,0.0588234256067576,5.882283737838382e-07,5.882283737838382e-07,5.882283737838382e-07,0.0588234256067576,0.2941147751202928,5.882283737838382e-07,0.17646910036352523,5.882283737838382e-07,0.0588234256067576,5.882283737838382e-07,5.882283737838382e-07,5.882283737838382e-07,5.882283737838382e-07,5.882283737838382e-07,5.882283737838382e-07,0.0
47,-34.055,-6.169,0.215,0,CB,LEU,P,True,-1.0,-3.0,-4.0,-4.0,-2.0,-3.0,-3.0,-4.0,-3.0,1.0,5.0,-3.0,2.0,0.0,-3.0,-3.0,-2.0,-2.0,-2.0,0.0,0.2769320843091334,0.28841463414634144,0.2272711157171299,4.5454132235161526e-07,0.04545458677648386,0.09090871901164538,0.04545458677648386,4.5454132235161526e-07,4.5454132235161526e-07,0.04545458677648386,0.09090871901164538,0.1818169834819684,4.5454132235161526e-07,0.1363628512468069,4.5454132235161526e-07,0.09090871901164538,0.04545458677648386,4.5454132235161526e-07,4.5454132235161526e-07,4.5454132235161526e-07,4.5454132235161526e-07,4.5454132235161526e-07,0.0
48,-29.282,-7.38,-1.867,0,CB,ASN,P,True,-2.0,-1.0,7.0,1.0,-3.0,-1.0,-1.0,-1.0,0.0,-4.0,-4.0,-1.0,-3.0,-4.0,-3.0,0.0,-1.0,-4.0,-3.0,-4.0,0.05854800936768149,0.06369426751592357,0.1739119659829045,4.347788280101914e-07,0.04347831757984715,0.08695620038086627,0.04347831757984715,4.347788280101914e-07,4.347788280101914e-07,0.04347831757984715,0.08695620038086627,0.21738984878392367,4.347788280101914e-07,0.13043408318188543,0.04347831757984715,0.08695620038086627,0.04347831757984715,4.347788280101914e-07,4.347788280101914e-07,4.347788280101914e-07,4.347788280101914e-07,4.347788280101914e-07,0.0
49,-31.582,-8.596,-6.334,0,CB,ASP,P,True,-2.0,-2.0,1.0,6.0,-4.0,-1.0,1.0,-1.0,-2.0,-3.0,-4.0,-1.0,-3.0,-4.0,-2.0,-1.0,-2.0,-5.0,-4.0,-2.0,0.6352459016393441,0.6656441717791411,0.2666637778162959,6.666577778962952e-07,6.666577778962952e-07,0.06666644444740741,6.666577778962952e-07,6.666577778962952e-07,6.666577778962952e-07,6.666577778962952e-07,0.13333222223703692,0.2666637778162959,6.666577778962952e-07,0.13333222223703692,0.06666644444740741,0.06666644444740741,6.666577778962952e-07,6.666577778962952e-07,6.666577778962952e-07,6.666577778962952e-07,6.666577778962952e-07,6.666577778962952e-07,0.0
50,-35.163,-4.793,-5.291,0,CB,ALA,P,True,4.0,-2.0,0.0,-2.0,-1.0,-1.0,-1.0,0.0,-2.0,-1.0,-2.0,-1.0,-1.0,-3.0,-1.0,2.0,0.0,-3.0,-2.0,0.0,0.5023419203747072,0.8094339622641508,0.1538445562375964,7.692189350933067e-07,0.07692266272826574,0.07692266272826574,7.692189350933067e-07,7.692189350933067e-07,7.692189350933067e-07,7.692189350933067e-07,0.1538445562375964,0.2307664497469271,7.692189350933067e-07,0.1538445562375964,7.692189350933067e-07,0.1538445562375964,7.692189350933067e-07,7.692189350933067e-07,7.692189350933067e-07,7.692189350933067e-07,7.692189350933067e-07,7.692189350933067e-07,0.0
51,-31.153,-1.805,-3.562,0,CB,GLN,P,True,-2.0,1.0,-1.0,-1.0,-4.0,7.0,1.0,-3.0,0.0,-4.0,-3.0,1.0,-1.0,-4.0,-2.0,-1.0,-1.0,-3.0,-2.0,-3.0,0.47892271662763447,0.4131313131313131,0.16666537038477355,5.555493827846358e-07,0.055555493827846365,0.11111043210630996,0.055555493827846365,5.555493827846358e-07,5.555493827846358e-07,5.555493827846358e-07,0.11111043210630996,0.16666537038477355,5.555493827846358e-07,0.16666537038477355,0.055555493827846365,0.055555493827846365,0.055555493827846365,5.555493827846358e-07,5.555493827846358e-07,5.555493827846358e-07,5.555493827846358e-07,5.555493827846358e-07,0.0
52,-28.652,-4.39,-8.262,0,CB,ALA,P,True,5.0,-2.0,-2.0,-2.0,-1.0,-1.0,-1.0,0.0,-2.0,-2.0,-2.0,-1.0,-1.0,-3.0,-1.0,1.0,0.0,-3.0,-2.0,-1.0,0.6206088992974237,1.0,0.09090834712096148,9.0907438046581e-07,0.09090834712096148,9.0907438046581e-07,9.0907438046581e-07,9.0907438046581e-07,9.0907438046581e-07,9.0907438046581e-07,0.1818157851675425,0.2727232232141235,9.0907438046581e-07,0.1818157851675425,0.09090834712096148,0.09090834712096148,9.0907438046581e-07,9.0907438046581e-07,9.0907438046581e-07,9.0907438046581e-07,9.0907438046581e-07,9.0907438046581e-07,0.0
