,x,y,z,disorder,atom_id,residue_id,chain_id,H_or_L,pssm1,pssm2,pssm3,pssm4,pssm5,pssm6,pssm7,pssm8,pssm9,pssm10,pssm11,pssm12,pssm13,pssm14,pssm15,pssm16,pssm17,pssm18,pssm19,pssm20,abs_solv_access,rel_solv_access,neighborhood1,neighborhood2,neighborhood3,neighborhood4,neighborhood5,neighborhood6,neighborhood7,neighborhood8,neighborhood9,neighborhood10,neighborhood11,neighborhood12,neighborhood13,neighborhood14,neighborhood15,neighborhood16,neighborhood17,neighborhood18,neighborhood19,neighborhood20,paratope
0,-53.582,-4.305,-64.393,0,CB,GLN,H,H,-5.0,-3.0,-4.0,-3.0,-7.0,7.0,6.0,-6.0,-4.0,-7.0,-6.0,-3.0,-5.0,-7.0,-5.0,-4.0,-5.0,-6.0,-6.0,-6.0,1.0,0.9686868686868688,0.12499812504687384,1.2499687507812304e-06,1.2499687507812304e-06,1.2499687507812304e-06,1.2499687507812304e-06,0.12499812504687384,1.2499687507812304e-06,1.2499687507812304e-06,1.2499687507812304e-06,0.12499812504687384,1.2499687507812304e-06,1.2499687507812304e-06,1.2499687507812304e-06,0.12499812504687384,1.2499687507812304e-06,0.12499812504687384,1.2499687507812304e-06,0.12499812504687384,1.2499687507812304e-06,0.24999500012499687,1.0
1,-49.623,-1.228,-62.709,0,CB,VAL,H,H,-3.0,-6.0,-6.0,-6.0,-4.0,-5.0,-2.0,-6.0,-7.0,2.0,-1.0,-6.0,0.0,-4.0,-6.0,-5.0,-4.0,-6.0,-5.0,7.0,0.16684045881126172,0.22535211267605637,0.0666664444474074,6.666577778962951e-07,0.0666664444474074,6.666577778962951e-07,6.666577778962951e-07,0.0666664444474074,6.666577778962951e-07,6.666577778962951e-07,0.0666664444474074,0.1333322222370369,6.666577778962951e-07,6.666577778962951e-07,6.666577778962951e-07,0.1333322222370369,0.0666664444474074,0.0666664444474074,0.0666664444474074,6.666577778962951e-07,0.0666664444474074,0.1999980000266664,1.0
2,-52.19,2.679,-66.012,0,CB,GLN,H,H,-4.0,-1.0,-2.0,-4.0,-7.0,8.0,-2.0,-6.0,1.0,-7.0,-5.0,2.0,-3.0,-7.0,-5.0,-4.0,-1.0,-6.0,-5.0,-6.0,0.6037539103232532,0.584848484848485,0.05000000000000002,0.09999950000499996,4.999950000499998e-07,4.999950000499998e-07,0.05000000000000002,0.09999950000499996,4.999950000499998e-07,4.999950000499998e-07,0.05000000000000002,0.09999950000499996,0.05000000000000002,4.999950000499998e-07,4.999950000499998e-07,0.1499990000099999,0.05000000000000002,0.09999950000499996,4.999950000499998e-07,0.05000000000000002,0.05000000000000002,0.09999950000499996,0.0
3,-49.174,6.81,-63.864,0,CB,LEU,H,H,-5.0,-6.0,-7.0,-8.0,-3.0,-5.0,-7.0,-8.0,-7.0,-2.0,7.0,-6.0,-1.0,-3.0,-7.0,-6.0,-5.0,-5.0,-5.0,-2.0,0.04327424400417101,0.050609756097560965,0.09999966666888889,0.06666655555629632,0.03333344444370372,3.33331111125926e-07,0.06666655555629632,0.09999966666888889,3.33331111125926e-07,3.33331111125926e-07,0.03333344444370372,0.03333344444370372,0.03333344444370372,3.33331111125926e-07,0.03333344444370372,0.13333277778148148,0.03333344444370372,0.13333277778148148,3.33331111125926e-07,0.03333344444370372,0.06666655555629632,0.09999966666888889,0.0
4,-54.48,8.901,-65.599,0,CB,LEU,H,H,-3.0,-2.0,-4.0,-3.0,-5.0,5.0,0.0,-6.0,-4.0,-1.0,-1.0,-1.0,-1.0,-5.0,-5.0,-3.0,-3.0,-6.0,-4.0,5.0,0.4984358706986444,0.5829268292682926,0.09090871901164536,0.09090871901164536,4.5454132235161515e-07,4.5454132235161515e-07,4.5454132235161515e-07,0.1363628512468069,4.5454132235161515e-07,4.5454132235161515e-07,0.045454586776483855,0.09090871901164536,4.5454132235161515e-07,4.5454132235161515e-07,0.045454586776483855,0.1363628512468069,4.5454132235161515e-07,0.1363628512468069,0.09090871901164536,0.045454586776483855,0.09090871901164536,4.5454132235161515e-07,0.0
5,-49.958,12.291,-67.238,0,CB,GLN,H,H,-5.0,-3.0,-4.0,-3.0,-7.0,7.0,6.0,-5.0,-3.0,-7.0,-7.0,-3.0,-5.0,-7.0,-5.0,-4.0,-5.0,-6.0,-6.0,-6.0,0.07872784150156412,0.07626262626262625,0.13793042806601336,0.06896538644561075,3.4482520810201324e-07,3.4482520810201324e-07,0.03448286563540942,0.10344790725581204,3.4482520810201324e-07,3.4482520810201324e-07,0.03448286563540942,0.10344790725581204,0.03448286563540942,3.4482520810201324e-07,0.06896538644561075,0.06896538644561075,3.4482520810201324e-07,0.06896538644561075,0.03448286563540942,0.10344790725581204,0.06896538644561075,0.06896538644561075,0.0
6,-49.162,11.712,-61.496,0,CB,CYS,H,H,-5.0,-5.0,-8.0,-9.0,12.0,-8.0,-9.0,-8.0,-8.0,-6.0,-6.0,-8.0,-7.0,-8.0,-8.0,-3.0,-6.0,-8.0,-8.0,-6.0,0.0,0.0,0.08571408163381926,0.028571551019708468,0.028571551019708468,2.85712653070554e-07,0.08571408163381926,0.028571551019708468,2.85712653070554e-07,2.85712653070554e-07,0.05714281632676386,0.08571408163381926,0.05714281632676386,2.85712653070554e-07,0.028571551019708468,0.08571408163381926,0.028571551019708468,0.11428534694087464,0.08571408163381926,0.028571551019708468,0.05714281632676386,0.11428534694087464,0.0
7,-54.933,9.841,-61.697,0,CB,LYS,H,H,2.0,0.0,-2.0,-4.0,-4.0,-1.0,-1.0,-2.0,-3.0,-3.0,-4.0,5.0,-3.0,-5.0,-4.0,0.0,3.0,-3.0,-4.0,0.0,0.5338894681960376,0.4995121951219514,0.08695620038086627,0.08695620038086627,4.347788280101914e-07,4.347788280101914e-07,0.08695620038086627,0.08695620038086627,4.347788280101914e-07,4.347788280101914e-07,4.347788280101914e-07,0.13043408318188543,0.04347831757984715,4.347788280101914e-07,0.04347831757984715,0.08695620038086627,4.347788280101914e-07,0.1739119659829045,0.04347831757984715,0.04347831757984715,0.04347831757984715,0.04347831757984715,0.0
8,-51.595,5.926,-58.793,0,CB,ALA,H,H,5.0,-5.0,-4.0,-5.0,-4.0,-4.0,-4.0,-1.0,-5.0,-2.0,-3.0,-4.0,-4.0,-2.0,-4.0,-1.0,1.0,-6.0,-5.0,3.0,0.06777893639207508,0.12264150943396228,0.041666736110532426,0.08333305555787036,0.041666736110532426,4.1666319447337963e-07,0.041666736110532426,0.041666736110532426,4.1666319447337963e-07,4.1666319447337963e-07,0.041666736110532426,0.08333305555787036,0.041666736110532426,4.1666319447337963e-07,4.1666319447337963e-07,0.12499937500520832,0.041666736110532426,0.2083320138998842,0.12499937500520832,0.041666736110532426,4.1666319447337963e-07,0.041666736110532426,0.0
9,-55.693,3.051,-61.287,0,CB,SER,H,H,-3.0,-5.0,-4.0,-3.0,-5.0,-4.0,-3.0,-4.0,-5.0,-6.0,-6.0,-4.0,-5.0,-2.0,-4.0,7.0,0.0,-6.0,-2.0,-5.0,0.27528675703858174,0.4061538461538461,0.055555493827846365,0.055555493827846365,5.555493827846358e-07,5.555493827846358e-07,0.055555493827846365,0.055555493827846365,5.555493827846358e-07,5.555493827846358e-07,0.055555493827846365,0.11111043210630996,0.055555493827846365,5.555493827846358e-07,5.555493827846358e-07,0.11111043210630996,0.055555493827846365,0.11111043210630996,0.11111043210630996,0.055555493827846365,5.555493827846358e-07,0.11111043210630996,0.0
10,-53.983,-0.869,-60.16,0,CA,GLY,H,H,-3.0,-5.0,-4.0,-2.0,-7.0,-4.0,-4.0,7.0,-6.0,-8.0,-8.0,-6.0,-7.0,-7.0,-6.0,-4.0,-6.0,-3.0,-7.0,-7.0,0.21689259645464024,0.4952380952380952,0.07692266272826574,7.692189350933065e-07,7.692189350933065e-07,7.692189350933065e-07,0.07692266272826574,7.692189350933065e-07,7.692189350933065e-07,7.692189350933065e-07,0.07692266272826574,0.07692266272826574,7.692189350933065e-07,7.692189350933065e-07,7.692189350933065e-07,0.15384455623759638,0.07692266272826574,0.15384455623759638,0.07692266272826574,0.07692266272826574,7.692189350933065e-07,0.15384455623759638,1.0
11,-50.345,-0.704,-57.532,0,CB,TYR,H,H,-4.0,-6.0,-2.0,0.0,-5.0,-5.0,-4.0,-1.0,-2.0,-3.0,-3.0,-6.0,-4.0,7.0,-6.0,-5.0,-4.0,-2.0,7.0,-2.0,0.17831074035453595,0.15405405405405406,0.11999944000448,0.07999976000192,0.04000007999936002,3.9999680002560006e-07,0.04000007999936002,0.04000007999936002,3.9999680002560006e-07,3.9999680002560006e-07,0.04000007999936002,0.04000007999936002,0.04000007999936002,3.9999680002560006e-07,0.04000007999936002,0.07999976000192,0.04000007999936002,0.15999912000703995,0.07999976000192,0.04000007999936002,0.04000007999936002,0.07999976000192,1.0
12,-51.377,-0.247,-52.205,0,CB,THR,H,H,-2.0,-2.0,1.0,-1.0,-4.0,-4.0,-3.0,-4.0,-3.0,-1.0,-4.0,-3.0,-3.0,-5.0,-2.0,4.0,6.0,-6.0,-4.0,-4.0,0.4760166840458812,0.6429577464788733,0.07692266272826574,7.692189350933065e-07,7.692189350933065e-07,7.692189350933065e-07,0.07692266272826574,0.07692266272826574,7.692189350933065e-07,7.692189350933065e-07,7.692189350933065e-07,7.692189350933065e-07,7.692189350933065e-07,7.692189350933065e-07,0.07692266272826574,7.692189350933065e-07,0.07692266272826574,0.230766449746927,0.07692266272826574,0.07692266272826574,0.07692266272826574,0.15384455623759638,1.0
13,-51.522,5.32,-54.205,0,CB,PHE,H,H,-6.0,-5.0,-5.0,-6.0,-5.0,-7.0,-7.0,-6.0,-5.0,2.0,1.0,-7.0,-2.0,8.0,-7.0,-5.0,-5.0,-3.0,-1.0,0.0,0.035974973931178315,0.035025380710659894,0.06249992187548828,0.03125011718676759,0.06249992187548828,3.12498046887207e-07,0.03125011718676759,0.03125011718676759,3.12498046887207e-07,0.03125011718676759,0.06249992187548828,0.03125011718676759,0.03125011718676759,3.12498046887207e-07,0.03125011718676759,0.03125011718676759,0.03125011718676759,0.21874894531909175,0.12499953125292966,0.03125011718676759,0.06249992187548828,0.09374972656420896,0.0
14,-49.602,5.002,-49.407,0,CB,THR,H,H,-2.0,0.0,1.0,-2.0,-4.0,-3.0,-3.0,-1.0,-3.0,-1.0,-4.0,-1.0,-3.0,-5.0,-2.0,4.0,5.0,-6.0,-4.0,-3.0,0.2643378519290928,0.3570422535211268,0.04761907029456863,4.7618594108627557e-07,0.1428562585118237,4.7618594108627557e-07,0.04761907029456863,4.7618594108627557e-07,0.04761907029456863,0.04761907029456863,0.04761907029456863,4.7618594108627557e-07,0.04761907029456863,4.7618594108627557e-07,0.04761907029456863,4.7618594108627557e-07,4.7618594108627557e-07,0.2380934467290788,0.04761907029456863,0.04761907029456863,0.04761907029456863,0.1428562585118237,1.0
15,-47.143,0.214,-50.989,0,CB,SER,H,H,-1.0,-1.0,3.0,4.0,-4.0,-3.0,-1.0,-1.0,-1.0,-4.0,-5.0,-1.0,-3.0,-5.0,-3.0,4.0,1.0,-4.0,-3.0,-4.0,0.3196037539103232,0.4715384615384615,6.249921875976552e-07,6.249921875976552e-07,0.0624998437519531,6.249921875976552e-07,0.0624998437519531,6.249921875976552e-07,0.0624998437519531,6.249921875976552e-07,6.249921875976552e-07,6.249921875976552e-07,0.0624998437519531,6.249921875976552e-07,0.1249990625117186,6.249921875976552e-07,0.0624998437519531,0.1249990625117186,0.1249990625117186,6.249921875976552e-07,0.0624998437519531,0.2499975000312496,1.0
16,-44.936,2.545,-55.161,0,CB,TYR,H,H,-3.0,-5.0,-1.0,-4.0,-3.0,-4.0,-4.0,-4.0,3.0,-4.0,-4.0,-2.0,-5.0,2.0,-6.0,0.0,-3.0,-2.0,9.0,-5.0,0.3357664233576643,0.29009009009009007,0.03846162721825218,3.846124260582612e-07,0.07692286982407828,3.846124260582612e-07,0.03846162721825218,0.03846162721825218,0.03846162721825218,0.03846162721825218,3.846124260582612e-07,3.846124260582612e-07,0.03846162721825218,3.846124260582612e-07,0.1153841124299044,3.846124260582612e-07,0.03846162721825218,0.1153841124299044,0.07692286982407828,0.07692286982407828,0.03846162721825218,0.23076784024738273,1.0
17,-40.978,6.186,-54.694,0,CB,TRP,H,H,1.0,-4.0,-1.0,-1.0,-3.0,-3.0,-3.0,2.0,0.0,-2.0,-3.0,-4.0,-3.0,1.0,-2.0,1.0,-1.0,7.0,5.0,-1.0,0.10740354535974975,0.09074889867841408,0.05128204470746304,0.025641150558202267,0.07692293885672381,0.025641150558202267,0.025641150558202267,0.025641150558202267,0.025641150558202267,0.025641150558202267,2.5640894149260776e-07,0.025641150558202267,0.05128204470746304,0.05128204470746304,0.07692293885672381,2.5640894149260776e-07,0.025641150558202267,0.10256383300598458,0.07692293885672381,0.025641150558202267,0.05128204470746304,0.2307683037522885,0.0
18,-44.993,9.373,-56.866,0,CB,MET,H,H,-5.0,-6.0,-7.0,-7.0,-5.0,-5.0,-6.0,-6.0,-6.0,5.0,0.0,-6.0,8.0,-2.0,-7.0,-6.0,-4.0,7.0,-3.0,1.0,0.0031282586027111567,0.0031914893617021275,0.071428469388241,0.047619058956862095,0.023809648525483208,0.023809648525483208,0.071428469388241,0.047619058956862095,0.023809648525483208,0.023809648525483208,0.023809648525483208,0.047619058956862095,0.023809648525483208,0.023809648525483208,0.047619058956862095,0.023809648525483208,0.023809648525483208,0.09523787981961987,0.09523787981961987,0.047619058956862095,0.09523787981961987,0.11904729025099876,0.0
19,-39.678,9.356,-59.495,0,CB,TYR,H,H,-2.0,-4.0,4.0,-1.0,-2.0,-2.0,-2.0,0.0,8.0,-3.0,-5.0,-3.0,-3.0,-4.0,-5.0,2.0,0.0,-2.0,0.0,-4.0,0.09801876955161624,0.0846846846846847,0.052631565097025816,0.052631565097025816,0.052631565097025816,0.052631565097025816,0.02631591412676776,0.052631565097025816,0.02631591412676776,0.052631565097025816,0.02631591412676776,0.052631565097025816,0.07894721606728387,0.052631565097025816,0.07894721606728387,0.02631591412676776,0.02631591412676776,0.02631591412676776,2.631565097025806e-07,0.02631591412676776,0.10526286703754192,0.1315785180078,0.0
20,-41.721,14.294,-61.002,0,CB,TRP,H,H,-8.0,-8.0,-9.0,-10.0,-8.0,-7.0,-8.0,-7.0,-8.0,-8.0,-6.0,-9.0,-7.0,-3.0,-9.0,-7.0,-8.0,13.0,-3.0,-8.0,0.0,0.0,0.06382972838413449,0.042553223177773686,2.1276505206360817e-07,0.042553223177773686,0.0851062335904953,0.042553223177773686,2.1276505206360817e-07,0.042553223177773686,0.06382972838413449,0.10638273879685611,0.06382972838413449,0.042553223177773686,0.02127671797141288,0.06382972838413449,0.02127671797141288,0.02127671797141288,0.0851062335904953,0.06382972838413449,0.06382972838413449,0.06382972838413449,0.0
21,-38.627,11.985,-65.173,0,CB,VAL,H,H,-3.0,-6.0,-6.0,-7.0,-5.0,-6.0,-6.0,-6.0,-7.0,4.0,-1.0,-6.0,0.0,-2.0,-6.0,-5.0,-4.0,-2.0,-2.0,7.0,0.017726798748696555,0.023943661971830985,0.07407389574892038,0.03703713305827365,3.7036762690646747e-07,0.03703713305827365,0.07407389574892038,0.11111065843956712,3.7036762690646747e-07,0.03703713305827365,0.03703713305827365,0.11111065843956712,0.11111065843956712,3.7036762690646747e-07,3.7036762690646747e-07,0.07407389574892038,0.03703713305827365,3.7036762690646747e-07,0.03703713305827365,0.03703713305827365,0.11111065843956712,0.07407389574892038,0.0
22,-34.576,11.168,-68.589,0,CB,LEU,H,H,-5.0,-5.0,-7.0,-7.0,-5.0,-5.0,-7.0,-8.0,-7.0,-2.0,6.0,-6.0,-1.0,-1.0,1.0,-6.0,-5.0,-6.0,-5.0,-3.0,0.5656934306569343,0.6615853658536586,6.249921875976552e-07,6.249921875976552e-07,6.249921875976552e-07,0.06249984375195312,0.12499906251171863,0.06249984375195312,6.249921875976552e-07,0.06249984375195312,0.06249984375195312,6.249921875976552e-07,0.06249984375195312,0.06249984375195312,6.249921875976552e-07,0.12499906251171863,0.06249984375195312,6.249921875976552e-07,6.249921875976552e-07,0.12499906251171863,0.18749828127148413,6.249921875976552e-07,0.0
23,-34.325,12.26,-61.484,0,CB,TRP,H,H,-7.0,-7.0,-8.0,-6.0,-5.0,-7.0,-8.0,-6.0,-7.0,-7.0,-5.0,-8.0,-6.0,-3.0,-8.0,-6.0,-7.0,13.0,0.0,-8.0,0.4118873826903024,0.34801762114537443,0.03571438775437319,3.571403061406705e-07,3.571403061406705e-07,0.07142841836844024,0.07142841836844024,0.07142841836844024,3.571403061406705e-07,0.07142841836844024,0.03571438775437319,0.07142841836844024,0.07142841836844024,0.10714244898250729,3.571403061406705e-07,0.07142841836844024,3.571403061406705e-07,0.03571438775437319,0.03571438775437319,0.03571438775437319,0.10714244898250729,0.10714244898250729,0.0
24,-38.251,16.767,-60.951,0,CB,ILE,H,H,-4.0,-6.0,-3.0,-6.0,-4.0,-5.0,-6.0,-7.0,-6.0,5.0,1.0,-5.0,6.0,-3.0,-4.0,-5.0,-4.0,-6.0,-4.0,4.0,0.0,0.0,0.03333344444370372,0.03333344444370372,3.333311111259259e-07,0.0666665555562963,0.0666665555562963,0.03333344444370372,3.333311111259259e-07,3.333311111259259e-07,0.09999966666888889,0.13333277778148145,0.0666665555562963,0.09999966666888889,3.333311111259259e-07,0.09999966666888889,3.333311111259259e-07,3.333311111259259e-07,0.03333344444370372,0.0666665555562963,0.0666665555562963,0.09999966666888889,0.0
25,-37.617,14.621,-57.122,0,CA,GLY,H,H,3.0,-5.0,-4.0,-5.0,-5.0,-5.0,-5.0,6.0,-4.0,-6.0,-4.0,-5.0,-5.0,-6.0,-5.0,0.0,-3.0,-6.0,-6.0,-4.0,0.0,0.0,0.08333305555787036,4.1666319447337947e-07,4.1666319447337947e-07,0.08333305555787036,0.08333305555787036,4.1666319447337947e-07,4.1666319447337947e-07,0.08333305555787036,0.04166673611053242,0.04166673611053242,0.12499937500520832,0.08333305555787036,4.1666319447337947e-07,0.04166673611053242,4.1666319447337947e-07,4.1666319447337947e-07,0.04166673611053242,0.04166673611053242,0.12499937500520832,0.12499937500520832,0.0
26,-38.565,10.917,-54.591,0,CB,GLU,H,H,-1.0,1.0,-1.0,-2.0,-1.0,-1.0,0.0,0.0,0.0,-1.0,-2.0,-3.0,0.0,0.0,-4.0,0.0,-1.0,7.0,4.0,0.0,0.12043795620437955,0.1190721649484536,0.040000079999360005,3.9999680002559995e-07,0.040000079999360005,3.9999680002559995e-07,3.9999680002559995e-07,0.040000079999360005,0.040000079999360005,0.07999976000191998,3.9999680002559995e-07,0.040000079999360005,0.040000079999360005,0.11999944000447998,0.07999976000191998,3.9999680002559995e-07,3.9999680002559995e-07,0.07999976000191998,0.07999976000191998,0.040000079999360005,0.11999944000447998,0.15999912000703995,0.0
27,-43.673,12.718,-53.066,0,CB,ILE,H,H,-5.0,-7.0,-6.0,-7.0,-5.0,-6.0,-7.0,-7.0,-7.0,8.0,-1.0,-6.0,2.0,-2.0,-7.0,-5.0,-3.0,-6.0,-4.0,2.0,0.0010427528675703858,0.001183431952662722,0.062499921875488286,3.1249804688720706e-07,0.09374972656420899,0.031250117186767595,0.062499921875488286,0.031250117186767595,0.031250117186767595,3.1249804688720706e-07,3.1249804688720706e-07,0.031250117186767595,0.062499921875488286,0.031250117186767595,0.031250117186767595,3.1249804688720706e-07,3.1249804688720706e-07,0.09374972656420899,0.15624933594165039,0.031250117186767595,0.09374972656420899,0.15624933594165039,0.0
28,-42.775,8.815,-48.913,0,CB,ASP,H,H,-2.0,-1.0,4.0,1.0,-3.0,-1.0,-2.0,-2.0,2.0,-1.0,-3.0,0.0,-3.0,0.0,-3.0,2.0,-1.0,2.0,4.0,-3.0,0.029197080291970805,0.034355828220858885,4.5454132235161515e-07,4.5454132235161515e-07,0.045454586776483855,0.045454586776483855,0.045454586776483855,4.5454132235161515e-07,0.045454586776483855,0.045454586776483855,0.045454586776483855,0.045454586776483855,0.045454586776483855,0.045454586776483855,0.045454586776483855,4.5454132235161515e-07,4.5454132235161515e-07,0.1363628512468069,0.1363628512468069,0.045454586776483855,0.045454586776483855,0.1818169834819684,1.0
29,-47.959,8.343,-51.726,0,CB,PRO,H,H,-2.0,-2.0,-1.0,-1.0,-3.0,-3.0,-3.0,-1.0,1.0,-4.0,-4.0,-2.0,-4.0,-2.0,6.0,1.0,2.0,5.0,3.0,-3.0,0.002085505735140772,0.002941176470588236,0.0357143877543732,3.5714030614067055e-07,0.10714244898250729,0.0357143877543732,0.0357143877543732,3.5714030614067055e-07,0.0357143877543732,0.0357143877543732,0.0357143877543732,3.5714030614067055e-07,0.0357143877543732,3.5714030614067055e-07,3.5714030614067055e-07,3.5714030614067055e-07,3.5714030614067055e-07,0.21428454082470844,0.17857051021064138,0.0357143877543732,0.0357143877543732,0.17857051021064138,0.0
30,-47.254,6.52,-46.599,0,CB,SER,H,H,0.0,0.0,2.0,2.0,-3.0,-1.0,0.0,2.0,-1.0,-2.0,-3.0,-1.0,-1.0,-2.0,-3.0,2.0,-1.0,-2.0,1.0,-2.0,0.21741397288842543,0.3207692307692308,6.666577778962951e-07,6.666577778962951e-07,0.1333322222370369,6.666577778962951e-07,0.0666664444474074,6.666577778962951e-07,0.0666664444474074,0.0666664444474074,0.0666664444474074,6.666577778962951e-07,6.666577778962951e-07,6.666577778962951e-07,0.0666664444474074,6.666577778962951e-07,6.666577778962951e-07,0.1333322222370369,0.0666664444474074,0.0666664444474074,0.0666664444474074,0.1999980000266664,1.0
31,-45.321,10.172,-44.002,0,CB,ASP,H,H,-1.0,-2.0,3.0,2.0,-4.0,-2.0,-1.0,3.0,-2.0,-3.0,-4.0,-2.0,-4.0,-1.0,-3.0,2.0,1.0,0.0,-1.0,-3.0,0.5594369134515119,0.6582822085889569,7.692189350933067e-07,7.692189350933067e-07,0.07692266272826574,7.692189350933067e-07,7.692189350933067e-07,7.692189350933067e-07,0.07692266272826574,0.07692266272826574,0.07692266272826574,7.692189350933067e-07,7.692189350933067e-07,7.692189350933067e-07,0.07692266272826574,7.692189350933067e-07,7.692189350933067e-07,0.1538445562375964,0.1538445562375964,0.07692266272826574,0.07692266272826574,0.1538445562375964,1.0
32,-46.589,14.383,-47.468,0,CB,SER,H,H,-2.0,-3.0,-1.0,1.0,-5.0,-4.0,-3.0,6.0,-3.0,-5.0,-6.0,-3.0,-4.0,-5.0,-5.0,1.0,-2.0,0.0,-2.0,-4.0,0.3201251303441084,0.4723076923076924,5.882283737838381e-07,5.882283737838381e-07,0.17646910036352517,0.058823425606757594,5.882283737838381e-07,5.882283737838381e-07,5.882283737838381e-07,0.058823425606757594,0.058823425606757594,0.058823425606757594,5.882283737838381e-07,0.058823425606757594,0.058823425606757594,5.882283737838381e-07,5.882283737838381e-07,0.058823425606757594,0.17646910036352517,0.058823425606757594,0.058823425606757594,0.11764626298514139,0.0
33,-41.074,11.855,-46.639,0,CB,TYR,H,H,0.0,0.0,2.0,2.0,-3.0,-1.0,1.0,0.0,-1.0,-2.0,-3.0,0.0,-2.0,-2.0,-2.0,2.0,1.0,-3.0,2.0,-1.0,0.6339937434827945,0.5477477477477477,5.882283737838381e-07,5.882283737838381e-07,0.11764626298514139,0.058823425606757594,5.882283737838381e-07,0.058823425606757594,0.058823425606757594,0.058823425606757594,5.882283737838381e-07,0.058823425606757594,0.058823425606757594,0.058823425606757594,0.058823425606757594,5.882283737838381e-07,5.882283737838381e-07,0.11764626298514139,0.058823425606757594,0.058823425606757594,0.058823425606757594,0.11764626298514139,0.0
34,-40.686,16.122,-50.616,0,CB,THR,H,H,0.0,-3.0,-2.0,-4.0,-4.0,-3.0,-3.0,-5.0,-5.0,1.0,-3.0,0.0,-2.0,-4.0,1.0,-1.0,6.0,-5.0,-5.0,0.0,0.25026068821689246,0.3380281690140845,0.05000000000000002,4.999950000499998e-07,0.09999950000499996,0.05000000000000002,0.05000000000000002,0.05000000000000002,4.999950000499998e-07,0.05000000000000002,4.999950000499998e-07,0.05000000000000002,0.05000000000000002,0.09999950000499996,0.05000000000000002,4.999950000499998e-07,4.999950000499998e-07,0.05000000000000002,0.09999950000499996,0.05000000000000002,0.09999950000499996,0.09999950000499996,0.0
35,-35.713,13.653,-51.363,0,CB,ASN,H,H,-1.0,0.0,3.0,1.0,-4.0,-2.0,-1.0,-2.0,2.0,-2.0,-3.0,1.0,-2.0,0.0,-4.0,0.0,1.0,0.0,5.0,-2.0,0.3790406673618352,0.4630573248407642,5.882283737838381e-07,5.882283737838381e-07,0.058823425606757594,0.058823425606757594,5.882283737838381e-07,0.058823425606757594,5.882283737838381e-07,0.11764626298514139,5.882283737838381e-07,0.058823425606757594,0.058823425606757594,0.058823425606757594,5.882283737838381e-07,0.058823425606757594,5.882283737838381e-07,0.058823425606757594,0.058823425606757594,5.882283737838381e-07,0.17646910036352517,0.17646910036352517,0.0
36,-36.151,18.65,-54.391,0,CB,TYR,H,H,-6.0,-6.0,-4.0,-7.0,-5.0,-5.0,-7.0,-4.0,1.0,-4.0,-4.0,-6.0,-5.0,1.0,-5.0,-4.0,-5.0,-2.0,10.0,-5.0,0.2977059436913452,0.25720720720720724,0.04166673611053242,4.1666319447337947e-07,4.1666319447337947e-07,0.04166673611053242,0.08333305555787036,0.08333305555787036,4.1666319447337947e-07,0.08333305555787036,0.08333305555787036,0.04166673611053242,0.04166673611053242,0.12499937500520832,4.1666319447337947e-07,0.08333305555787036,4.1666319447337947e-07,0.04166673611053242,0.12499937500520832,4.1666319447337947e-07,0.08333305555787036,0.04166673611053242,0.0
37,-33.16,17.138,-58.598,0,CB,ASN,H,H,4.0,-3.0,5.0,-2.0,-4.0,-3.0,-3.0,-2.0,-2.0,-2.0,-4.0,-3.0,-4.0,-5.0,0.0,1.0,-1.0,-6.0,-5.0,-3.0,0.21793534932221056,0.2662420382165605,0.055555493827846365,5.555493827846358e-07,5.555493827846358e-07,0.11111043210630996,0.055555493827846365,0.11111043210630996,5.555493827846358e-07,0.055555493827846365,0.11111043210630996,0.11111043210630996,5.555493827846358e-07,0.11111043210630996,5.555493827846358e-07,0.055555493827846365,5.555493827846358e-07,5.555493827846358e-07,0.055555493827846365,5.555493827846358e-07,0.11111043210630996,0.055555493827846365,0.0
38,-36.27,20.901,-59.426,0,CB,PHE,H,H,-2.0,-5.0,-6.0,-6.0,-5.0,-6.0,-5.0,-6.0,-5.0,-1.0,2.0,-6.0,-1.0,7.0,-6.0,-5.0,-4.0,-4.0,-2.0,4.0,0.07194994786235663,0.07005076142131979,0.040000079999360005,3.9999680002559995e-07,0.040000079999360005,0.040000079999360005,3.9999680002559995e-07,0.07999976000191998,3.9999680002559995e-07,0.040000079999360005,0.11999944000447998,0.07999976000191998,0.040000079999360005,0.07999976000191998,3.9999680002559995e-07,0.15999912000703995,3.9999680002559995e-07,0.040000079999360005,0.040000079999360005,0.040000079999360005,0.07999976000191998,0.07999976000191998,0.0
39,-34.236,23.318,-54.382,0,CB,LYS,H,H,-4.0,2.0,-2.0,-4.0,-6.0,4.0,-1.0,-5.0,-3.0,-5.0,-6.0,7.0,-2.0,-6.0,-4.0,-3.0,-3.0,-3.0,-5.0,-5.0,0.305526590198123,0.2858536585365853,0.09999900001999965,9.999800003999925e-07,9.999800003999925e-07,9.999800003999925e-07,0.09999900001999965,0.09999900001999965,9.999800003999925e-07,0.09999900001999965,0.09999900001999965,9.999800003999925e-07,9.999800003999925e-07,0.19999700005999888,9.999800003999925e-07,0.09999900001999965,9.999800003999925e-07,9.999800003999925e-07,0.09999900001999965,9.999800003999925e-07,9.999800003999925e-07,0.09999900001999965,0.0
40,-43.534,16.606,-54.777,0,CB,LEU,H,H,-3.0,-5.0,-6.0,-6.0,-4.0,-5.0,-6.0,-5.0,-6.0,6.0,2.0,-5.0,4.0,2.0,-6.0,-4.0,-3.0,-5.0,-3.0,1.0,0.03336809176225235,0.03902439024390244,0.07142841836844024,3.571403061406705e-07,0.03571438775437319,0.03571438775437319,0.03571438775437319,0.03571438775437319,3.571403061406705e-07,0.07142841836844024,0.07142841836844024,0.07142841836844024,0.07142841836844024,0.07142841836844024,3.571403061406705e-07,0.03571438775437319,3.571403061406705e-07,0.03571438775437319,0.10714244898250729,0.07142841836844024,0.07142841836844024,0.10714244898250729,0.0
41,-49.67,12.491,-52.437,0,CB,VAL,H,H,2.0,5.0,-3.0,-3.0,-4.0,-2.0,-3.0,-3.0,-3.0,-1.0,-1.0,2.0,-2.0,-4.0,-3.0,-2.0,-1.0,-3.0,-4.0,2.0,0.129822732012513,0.17535211267605633,0.03448286563540942,0.03448286563540942,0.10344790725581204,0.03448286563540942,0.06896538644561075,3.4482520810201324e-07,3.4482520810201324e-07,0.03448286563540942,0.06896538644561075,0.03448286563540942,0.06896538644561075,3.4482520810201324e-07,0.03448286563540942,3.4482520810201324e-07,3.4482520810201324e-07,0.17241294887621467,0.17241294887621467,3.4482520810201324e-07,0.06896538644561075,0.06896538644561075,0.0
42,-41.982,25.109,-72.494,0,CB,SER,H,H,-3.0,-2.0,6.0,0.0,-5.0,-3.0,-2.0,-2.0,-2.0,-6.0,-6.0,-2.0,-5.0,-4.0,-2.0,4.0,1.0,-6.0,-4.0,-5.0,0.19238790406673612,0.2838461538461538,0.09090871901164536,0.045454586776483855,0.045454586776483855,4.5454132235161515e-07,0.09090871901164536,0.045454586776483855,4.5454132235161515e-07,4.5454132235161515e-07,0.09090871901164536,0.09090871901164536,0.045454586776483855,4.5454132235161515e-07,0.045454586776483855,0.045454586776483855,4.5454132235161515e-07,0.1363628512468069,0.1363628512468069,0.045454586776483855,4.5454132235161515e-07,0.045454586776483855,0.0
43,-39.862,20.197,-70.798,0,CB,ALA,H,H,4.0,-4.0,-5.0,-4.0,-3.0,-4.0,-4.0,-3.0,-4.0,0.0,2.0,-4.0,-1.0,2.0,-4.0,-1.0,-2.0,-4.0,-2.0,3.0,0.0,0.0,0.0645160353804169,0.0645160353804169,0.03225817897949046,3.2257856400926453e-07,0.0645160353804169,3.2257856400926453e-07,3.2257856400926453e-07,0.03225817897949046,0.09677389178134337,0.12903174818226978,0.0645160353804169,3.2257856400926453e-07,0.03225817897949046,0.0645160353804169,3.2257856400926453e-07,0.09677389178134337,0.09677389178134337,0.03225817897949046,0.0645160353804169,0.0645160353804169,0.0
44,-43.518,17.125,-66.558,0,CB,TYR,H,H,-6.0,-5.0,-6.0,-7.0,-6.0,-5.0,-6.0,-6.0,-2.0,-5.0,-5.0,-6.0,-5.0,0.0,-6.0,-5.0,-5.0,-2.0,10.0,-5.0,0.005213764337851928,0.004504504504504504,0.07317061867990886,0.048780493753689,0.024390368827469127,0.048780493753689,0.048780493753689,0.07317061867990886,2.439012492621987e-07,0.024390368827469127,0.048780493753689,0.07317061867990886,0.024390368827469127,2.439012492621987e-07,0.024390368827469127,0.09756074360612872,0.024390368827469127,0.09756074360612872,0.07317061867990886,0.1219508685323486,0.048780493753689,0.024390368827469127,0.0
45,-42.321,11.303,-67.073,0,CB,PHE,H,H,-5.0,-4.0,-5.0,-6.0,-6.0,-5.0,-5.0,-6.0,0.0,-4.0,-4.0,-5.0,-3.0,6.0,-6.0,-4.0,-5.0,-2.0,9.0,-5.0,0.17153284671532845,0.16700507614213195,0.06060599632729499,0.06060599632729499,3.030284664941425e-07,0.030303149677880743,3.030284664941425e-07,0.12121168962612348,3.030284664941425e-07,0.030303149677880743,0.030303149677880743,0.09090884297670924,0.09090884297670924,3.030284664941425e-07,3.030284664941425e-07,0.09090884297670924,0.06060599632729499,0.06060599632729499,0.030303149677880743,0.06060599632729499,0.09090884297670924,0.09090884297670924,0.0
46,-45.902,11.115,-62.618,0,CB,CYS,H,H,-4.0,-7.0,-2.0,-7.0,12.0,-6.0,-7.0,-6.0,-6.0,-5.0,-5.0,-6.0,-5.0,-6.0,-6.0,-5.0,-5.0,-6.0,-6.0,-5.0,0.0,0.0,0.0882350692054753,0.029411885812436405,2.941159169651944e-07,2.941159169651944e-07,0.05882347750895584,0.05882347750895584,2.941159169651944e-07,0.029411885812436405,0.05882347750895584,0.0882350692054753,0.0882350692054753,2.941159169651944e-07,0.029411885812436405,0.0882350692054753,0.029411885812436405,0.05882347750895584,0.029411885812436405,0.05882347750895584,0.0882350692054753,0.11764666090199472,0.0
47,-41.84,7.29,-63.305,0,CB,ALA,H,H,6.0,-4.0,-3.0,-4.0,-2.0,-3.0,-3.0,-2.0,-4.0,-3.0,-3.0,-3.0,-2.0,-4.0,-4.0,-1.0,1.0,-5.0,-4.0,1.0,0.0,0.0,0.03703713305827365,0.07407389574892038,0.03703713305827365,0.03703713305827365,0.03703713305827365,0.07407389574892038,3.7036762690646747e-07,0.03703713305827365,3.7036762690646747e-07,0.03703713305827365,0.07407389574892038,3.7036762690646747e-07,0.07407389574892038,0.03703713305827365,0.03703713305827365,0.03703713305827365,3.7036762690646747e-07,0.03703713305827365,0.14814742113021387,0.1851841838208606,0.0
48,-44.669,3.615,-60.113,0,CB,ARG,H,H,-2.0,7.0,-3.0,-4.0,-3.0,-2.0,-3.0,-3.0,-3.0,-3.0,-4.0,1.0,-2.0,-5.0,-4.0,-2.0,-1.0,-5.0,-4.0,-4.0,0.0802919708029197,0.06209677419354839,0.06896538644561073,0.06896538644561073,0.03448286563540942,3.4482520810201324e-07,0.06896538644561073,0.06896538644561073,0.03448286563540942,3.4482520810201324e-07,3.4482520810201324e-07,0.03448286563540942,0.06896538644561073,3.4482520810201324e-07,0.06896538644561073,0.03448286563540942,3.4482520810201324e-07,0.10344790725581204,0.03448286563540942,0.03448286563540942,0.10344790725581204,0.17241294887621467,1.0
49,-39.634,4.326,-57.728,0,CB,SER,H,H,0.0,0.0,1.0,2.0,-2.0,0.0,1.0,1.0,0.0,-2.0,-1.0,0.0,-1.0,-2.0,-1.0,0.0,0.0,-1.0,0.0,-1.0,0.0,0.0,0.03846162721825218,0.03846162721825218,0.03846162721825218,0.03846162721825218,0.03846162721825218,3.846124260582612e-07,0.03846162721825218,0.03846162721825218,3.846124260582612e-07,0.03846162721825218,0.07692286982407828,0.03846162721825218,0.1153841124299044,3.846124260582612e-07,0.03846162721825218,0.03846162721825218,3.846124260582612e-07,3.846124260582612e-07,0.1153841124299044,0.2692290828532089,0.0
50,-40.002,-0.953,-56.006,0,CB,PRO,H,H,0.0,1.0,0.0,0.0,-2.0,0.0,0.0,2.0,-1.0,-1.0,-1.0,0.0,-1.0,0.0,1.0,0.0,0.0,0.0,1.0,-1.0,0.143378519290928,0.2022058823529412,0.05000000000000002,4.999950000499998e-07,0.05000000000000002,0.05000000000000002,4.999950000499998e-07,4.999950000499998e-07,0.05000000000000002,4.999950000499998e-07,4.999950000499998e-07,4.999950000499998e-07,0.09999950000499996,0.05000000000000002,0.05000000000000002,4.999950000499998e-07,0.05000000000000002,0.09999950000499996,0.05000000000000002,4.999950000499998e-07,0.05000000000000002,0.3499970000299998,1.0
51,-40.951,2.02,-51.074,0,CB,HIS,H,H,0.0,1.0,0.0,1.0,0.0,0.0,-1.0,1.0,1.0,-1.0,-1.0,0.0,-1.0,0.0,0.0,0.0,0.0,1.0,2.0,-1.0,0.13660062565172054,0.14239130434782607,3.9999680002559995e-07,3.9999680002559995e-07,0.07999976000191998,0.040000079999360005,3.9999680002559995e-07,0.040000079999360005,3.9999680002559995e-07,0.040000079999360005,3.9999680002559995e-07,3.9999680002559995e-07,0.040000079999360005,0.040000079999360005,0.11999944000447998,3.9999680002559995e-07,0.040000079999360005,0.11999944000447998,0.11999944000447998,3.9999680002559995e-07,0.040000079999360005,0.27999816001471994,1.0
52,-38.108,-2.56,-50.42,0,CB,TYR,H,H,-1.0,1.0,-1.0,0.0,0.0,-1.0,-1.0,0.0,0.0,-1.0,-1.0,-1.0,-1.0,1.0,-1.0,-1.0,0.0,2.0,4.0,0.0,0.7924921793534931,0.6846846846846847,7.692189350933065e-07,7.692189350933065e-07,7.692189350933065e-07,7.692189350933065e-07,7.692189350933065e-07,0.07692266272826574,0.07692266272826574,7.692189350933065e-07,7.692189350933065e-07,7.692189350933065e-07,7.692189350933065e-07,0.07692266272826574,0.07692266272826574,7.692189350933065e-07,7.692189350933065e-07,0.15384455623759638,0.15384455623759638,7.692189350933065e-07,0.07692266272826574,0.3076883432562576,1.0
53,-40.155,0.404,-45.444,0,CB,TYR,H,H,-1.0,0.0,0.0,0.0,2.0,-1.0,-1.0,0.0,1.0,-1.0,-1.0,-1.0,-1.0,1.0,-1.0,1.0,0.0,2.0,3.0,-1.0,0.6100104275286756,0.5270270270270268,5.263102493657963e-07,5.263102493657963e-07,0.1052625761834086,5.263102493657963e-07,0.05263155124682899,0.05263155124682899,0.05263155124682899,0.05263155124682899,5.263102493657963e-07,5.263102493657963e-07,5.263102493657963e-07,5.263102493657963e-07,0.1052625761834086,5.263102493657963e-07,5.263102493657963e-07,0.1052625761834086,0.15789360111998824,5.263102493657963e-07,0.05263155124682899,0.26315565099314747,1.0
54,-36.028,-0.587,-43.88,0,CA,GLY,H,H,0.0,0.0,-1.0,1.0,-2.0,-1.0,-1.0,4.0,-1.0,-2.0,-2.0,-1.0,-2.0,-1.0,0.0,1.0,0.0,1.0,1.0,-1.0,0.4843587069864442,1.0,1.666611112962901e-06,1.666611112962901e-06,1.666611112962901e-06,1.666611112962901e-06,1.666611112962901e-06,1.666611112962901e-06,0.16666277790740305,1.666611112962901e-06,1.666611112962901e-06,1.666611112962901e-06,1.666611112962901e-06,1.666611112962901e-06,1.666611112962901e-06,1.666611112962901e-06,1.666611112962901e-06,1.666611112962901e-06,0.33332388920369316,1.666611112962901e-06,1.666611112962901e-06,0.4999850004999832,1.0
55,-34.341,-2.844,-47.587,0,CB,THR,H,H,0.0,1.0,0.0,0.0,-1.0,-1.0,-1.0,1.0,0.0,-1.0,-1.0,-1.0,-1.0,0.0,0.0,1.0,1.0,1.0,2.0,-1.0,0.27163712200208545,0.36690140845070407,1.1110864203017715e-06,1.1110864203017715e-06,1.1110864203017715e-06,1.1110864203017715e-06,1.1110864203017715e-06,0.11110975311659745,0.11110975311659745,1.1110864203017715e-06,1.1110864203017715e-06,1.1110864203017715e-06,1.1110864203017715e-06,0.11110975311659745,0.11110975311659745,1.1110864203017715e-06,1.1110864203017715e-06,1.1110864203017715e-06,0.11110975311659745,1.1110864203017715e-06,1.1110864203017715e-06,0.4444356792071288,0.0
56,-29.263,-0.873,-48.288,0,CB,THR,H,H,0.0,-1.0,0.0,1.0,0.0,-1.0,-1.0,1.0,0.0,-1.0,-1.0,-1.0,-1.0,0.0,0.0,1.0,0.0,1.0,2.0,-1.0,0.6939520333680916,0.9373239436619718,1.2499687507812304e-06,1.2499687507812304e-06,1.2499687507812304e-06,1.2499687507812304e-06,1.2499687507812304e-06,0.12499812504687384,0.12499812504687384,1.2499687507812304e-06,1.2499687507812304e-06,1.2499687507812304e-06,1.2499687507812304e-06,0.12499812504687384,1.2499687507812304e-06,1.2499687507812304e-06,1.2499687507812304e-06,1.2499687507812304e-06,0.12499812504687384,1.2499687507812304e-06,1.2499687507812304e-06,0.49998875028124296,0.0
57,-33.205,-2.468,-52.179,0,CB,TYR,H,H,0.0,-1.0,-1.0,-1.0,-1.0,-2.0,-1.0,2.0,0.0,-1.0,-1.0,-1.0,-1.0,1.0,0.0,0.0,0.0,3.0,4.0,-1.0,0.7283628779979144,0.6292792792792792,7.692189350933065e-07,7.692189350933065e-07,7.692189350933065e-07,7.692189350933065e-07,7.692189350933065e-07,0.07692266272826574,0.07692266272826574,7.692189350933065e-07,7.692189350933065e-07,7.692189350933065e-07,7.692189350933065e-07,0.07692266272826574,0.15384455623759638,7.692189350933065e-07,7.692189350933065e-07,0.07692266272826574,0.15384455623759638,7.692189350933065e-07,0.07692266272826574,0.3076883432562576,0.0
58,-32.554,2.949,-54.295,0,CB,ASN,H,H,0.0,-1.0,1.0,3.0,-2.0,-1.0,-1.0,1.0,1.0,-2.0,-2.0,-1.0,-1.0,-1.0,0.0,0.0,-1.0,1.0,3.0,-1.0,0.7346193952033366,0.8974522292993632,7.692189350933065e-07,7.692189350933065e-07,7.692189350933065e-07,0.07692266272826574,7.692189350933065e-07,7.692189350933065e-07,0.07692266272826574,7.692189350933065e-07,7.692189350933065e-07,7.692189350933065e-07,0.07692266272826574,7.692189350933065e-07,0.15384455623759638,7.692189350933065e-07,7.692189350933065e-07,0.07692266272826574,0.15384455623759638,7.692189350933065e-07,0.07692266272826574,0.3076883432562576,0.0
59,-36.576,0.159,-57.06,0,CB,TYR,H,H,-2.0,-1.0,-1.0,-1.0,-2.0,-1.0,-1.0,0.0,1.0,-2.0,-2.0,-2.0,-2.0,1.0,1.0,-1.0,-1.0,7.0,5.0,-1.0,0.3894681960375391,0.33648648648648644,5.555493827846357e-07,5.555493827846357e-07,0.055555493827846365,0.055555493827846365,5.555493827846357e-07,5.555493827846357e-07,0.055555493827846365,5.555493827846357e-07,5.555493827846357e-07,5.555493827846357e-07,0.055555493827846365,0.055555493827846365,0.11111043210630994,5.555493827846357e-07,0.055555493827846365,0.055555493827846365,0.11111043210630994,5.555493827846357e-07,0.11111043210630994,0.27777524694170064,1.0
60,-35.031,1.64,-62.04,0,CB,PRO,H,H,1.0,-1.0,0.0,0.0,-2.0,0.0,0.0,3.0,0.0,-2.0,-3.0,-2.0,-2.0,-1.0,0.0,-1.0,-1.0,3.0,4.0,-2.0,0.5281543274244004,0.7448529411764706,0.06666644444740738,6.66657777896295e-07,0.06666644444740738,6.66657777896295e-07,6.66657777896295e-07,6.66657777896295e-07,0.06666644444740738,6.66657777896295e-07,6.66657777896295e-07,6.66657777896295e-07,0.06666644444740738,0.06666644444740738,0.06666644444740738,6.66657777896295e-07,0.06666644444740738,0.06666644444740738,6.66657777896295e-07,6.66657777896295e-07,0.13333222223703686,0.33332955560592525,1.0
61,-39.057,4.83,-62.998,0,CB,MET,H,H,-3.0,-5.0,-4.0,-4.0,-5.0,-2.0,-4.0,-1.0,-3.0,-1.0,1.0,-4.0,5.0,7.0,-4.0,-4.0,-4.0,0.0,2.0,-2.0,0.2659019812304484,0.2712765957446808,0.045454586776483855,0.045454586776483855,0.045454586776483855,0.045454586776483855,0.045454586776483855,0.045454586776483855,4.5454132235161515e-07,0.045454586776483855,4.5454132235161515e-07,0.045454586776483855,0.045454586776483855,0.045454586776483855,0.09090871901164536,4.5454132235161515e-07,0.045454586776483855,0.045454586776483855,4.5454132235161515e-07,0.045454586776483855,0.1818169834819684,0.1363628512468069,1.0
62,-41.371,-0.726,-62.702,0,CB,ASP,H,H,0.0,-3.0,-1.0,7.0,-5.0,-1.0,-1.0,-1.0,-1.0,-5.0,-4.0,-3.0,-2.0,-5.0,-2.0,-1.0,-2.0,-5.0,-3.0,-4.0,0.3738269030239833,0.43987730061349695,0.0624998437519531,6.249921875976552e-07,6.249921875976552e-07,6.249921875976552e-07,6.249921875976552e-07,0.0624998437519531,6.249921875976552e-07,6.249921875976552e-07,6.249921875976552e-07,0.0624998437519531,0.0624998437519531,6.249921875976552e-07,0.1249990625117186,6.249921875976552e-07,0.0624998437519531,0.0624998437519531,6.249921875976552e-07,0.0624998437519531,0.1249990625117186,0.3124967187910151,1.0
63,-45.661,1.741,-63.828,0,CB,TYR,H,H,0.0,-3.0,-2.0,-3.0,-2.0,-2.0,-3.0,-4.0,2.0,-1.0,1.0,-3.0,-2.0,1.0,-1.0,-1.0,-3.0,0.0,7.0,1.0,0.5291970802919709,0.4572072072072072,0.04347831757984714,0.08695620038086625,0.04347831757984714,4.347788280101913e-07,0.04347831757984714,0.04347831757984714,4.347788280101913e-07,4.347788280101913e-07,4.347788280101913e-07,0.04347831757984714,0.08695620038086625,4.347788280101913e-07,0.08695620038086625,0.1304340831818854,0.04347831757984714,0.08695620038086625,4.347788280101913e-07,0.04347831757984714,0.08695620038086625,0.1304340831818854,1.0
64,-43.528,5.879,-67.3,0,CB,TRP,H,H,-5.0,-2.0,-6.0,-6.0,-5.0,-5.0,-5.0,-5.0,-5.0,-5.0,-5.0,-5.0,-5.0,-4.0,-6.0,-2.0,-5.0,13.0,-3.0,-5.0,0.4765380604796664,0.4026431718061674,0.0357143877543732,0.07142841836844024,0.0357143877543732,0.0357143877543732,0.0357143877543732,0.07142841836844024,3.5714030614067055e-07,3.5714030614067055e-07,0.0357143877543732,0.10714244898250729,0.07142841836844024,3.5714030614067055e-07,0.0357143877543732,0.14285647959657433,0.0357143877543732,0.0357143877543732,3.5714030614067055e-07,0.07142841836844024,0.07142841836844024,0.10714244898250729,0.0
65,-47.272,8.107,-67.126,0,CA,GLY,H,H,-2.0,-5.0,-4.0,-4.0,-5.0,-5.0,-5.0,7.0,-5.0,-6.0,-6.0,-4.0,-5.0,-5.0,-5.0,-1.0,-4.0,-5.0,-5.0,-5.0,0.01929092805005213,0.04404761904761904,0.04761907029456863,0.09523766440319617,0.04761907029456863,4.7618594108627557e-07,0.04761907029456863,0.04761907029456863,4.7618594108627557e-07,4.7618594108627557e-07,0.04761907029456863,0.09523766440319617,0.04761907029456863,4.7618594108627557e-07,4.7618594108627557e-07,0.1428562585118237,0.04761907029456863,0.04761907029456863,0.04761907029456863,0.04761907029456863,0.04761907029456863,0.1428562585118237,0.0
66,-48.781,9.21,-71.612,0,CB,GLN,H,H,-2.0,0.0,-3.0,-2.0,-5.0,7.0,0.0,-2.0,2.0,-5.0,-4.0,0.0,-4.0,-5.0,3.0,-2.0,-2.0,-5.0,-4.0,-4.0,0.8852971845672576,0.8575757575757574,5.882283737838381e-07,0.11764626298514139,5.882283737838381e-07,5.882283737838381e-07,0.058823425606757594,0.17646910036352517,5.882283737838381e-07,5.882283737838381e-07,5.882283737838381e-07,0.11764626298514139,5.882283737838381e-07,5.882283737838381e-07,0.058823425606757594,0.11764626298514139,5.882283737838381e-07,0.058823425606757594,0.058823425606757594,0.058823425606757594,0.058823425606757594,0.11764626298514139,0.0
67,-46.141,12.615,-69.686,0,CA,GLY,H,H,-3.0,-2.0,-4.0,-4.0,-5.0,-1.0,-5.0,7.0,-5.0,-6.0,-6.0,-4.0,-5.0,-5.0,-5.0,-4.0,-5.0,-5.0,-5.0,-5.0,0.039103232533889455,0.08928571428571427,0.09090871901164536,0.045454586776483855,4.5454132235161515e-07,0.045454586776483855,0.045454586776483855,0.09090871901164536,4.5454132235161515e-07,4.5454132235161515e-07,4.5454132235161515e-07,0.1363628512468069,4.5454132235161515e-07,4.5454132235161515e-07,0.045454586776483855,0.09090871901164536,4.5454132235161515e-07,0.09090871901164536,0.045454586776483855,0.1363628512468069,0.09090871901164536,0.045454586776483855,0.0
68,-24.587,14.815,-59.222,0,CB,ASP,L,L,-4.0,-4.0,2.0,7.0,-6.0,-2.0,4.0,-4.0,-3.0,-6.0,-6.0,-3.0,-6.0,-6.0,-4.0,-3.0,-4.0,-7.0,-6.0,-6.0,0.7768508863399373,0.9141104294478528,9.0907438046581e-07,9.0907438046581e-07,9.0907438046581e-07,9.0907438046581e-07,9.0907438046581e-07,9.0907438046581e-07,9.0907438046581e-07,0.09090834712096145,9.0907438046581e-07,9.0907438046581e-07,0.09090834712096145,9.0907438046581e-07,0.09090834712096145,0.18181578516754243,9.0907438046581e-07,0.18181578516754243,0.18181578516754243,0.09090834712096145,9.0907438046581e-07,0.09090834712096145,0.0
69,-23.649,9.296,-59.599,0,CB,ILE,L,L,-4.0,-6.0,-5.0,-6.0,-4.0,-5.0,-6.0,-7.0,-6.0,7.0,0.0,-5.0,-1.0,-2.0,-5.0,-5.0,-1.0,-5.0,-4.0,3.0,0.04223149113660061,0.04792899408284025,4.1666319447337963e-07,4.1666319447337963e-07,0.041666736110532426,4.1666319447337963e-07,0.041666736110532426,0.08333305555787036,0.041666736110532426,4.1666319447337963e-07,0.041666736110532426,0.041666736110532426,0.041666736110532426,4.1666319447337963e-07,0.041666736110532426,0.12499937500520832,4.1666319447337963e-07,0.16666569445254625,0.16666569445254625,0.041666736110532426,4.1666319447337963e-07,0.12499937500520832,0.0
70,-20.918,12.197,-64.053,0,CB,VAL,L,L,-3.0,-4.0,-5.0,-6.0,-5.0,4.0,-3.0,-5.0,-4.0,0.0,-2.0,-4.0,-2.0,-4.0,-5.0,-4.0,1.0,-6.0,-5.0,6.0,0.4363920750782064,0.5894366197183099,5.555493827846358e-07,0.11111043210630996,0.055555493827846365,5.555493827846358e-07,0.055555493827846365,0.055555493827846365,5.555493827846358e-07,0.055555493827846365,0.055555493827846365,0.055555493827846365,0.055555493827846365,5.555493827846358e-07,0.055555493827846365,0.16666537038477355,5.555493827846358e-07,0.11111043210630996,0.16666537038477355,5.555493827846358e-07,5.555493827846358e-07,5.555493827846358e-07,0.0
71,-24.901,8.331,-66.076,0,CB,MET,L,L,-5.0,-6.0,-7.0,-7.0,-5.0,-4.0,-6.0,-7.0,-6.0,-1.0,5.0,-6.0,7.0,-2.0,-6.0,-6.0,-4.0,-3.0,-4.0,3.0,0.08289885297184565,0.08457446808510638,0.030303149677880743,0.06060599632729499,0.030303149677880743,3.030284664941425e-07,0.09090884297670924,0.12121168962612348,0.030303149677880743,0.030303149677880743,0.030303149677880743,0.06060599632729499,3.030284664941425e-07,3.030284664941425e-07,0.030303149677880743,0.12121168962612348,3.030284664941425e-07,0.12121168962612348,0.09090884297670924,0.030303149677880743,0.030303149677880743,0.09090884297670924,0.0
72,-20.136,8.706,-69.338,0,CB,THR,L,L,-4.0,-6.0,-1.0,-5.0,-5.0,-5.0,-5.0,-6.0,-6.0,-3.0,-4.0,-5.0,-5.0,-5.0,-6.0,-1.0,8.0,-7.0,-5.0,-3.0,0.3488008342022941,0.4711267605633804,4.1666319447337963e-07,0.08333305555787036,0.041666736110532426,4.1666319447337963e-07,0.08333305555787036,0.12499937500520832,4.1666319447337963e-07,0.041666736110532426,0.041666736110532426,0.08333305555787036,0.041666736110532426,4.1666319447337963e-07,0.041666736110532426,0.041666736110532426,4.1666319447337963e-07,0.16666569445254625,0.12499937500520832,0.041666736110532426,0.041666736110532426,4.1666319447337963e-07,0.0
73,-24.457,6.418,-72.691,0,CB,GLN,L,L,-6.0,-4.0,-5.0,-5.0,-8.0,9.0,-3.0,-7.0,-5.0,-8.0,-7.0,-4.0,-5.0,-8.0,-6.0,-4.0,-6.0,-7.0,-7.0,-7.0,0.1303441084462982,0.12626262626262627,0.03333344444370372,0.0666665555562963,0.03333344444370372,3.333311111259259e-07,0.13333277778148145,0.09999966666888889,3.333311111259259e-07,3.333311111259259e-07,0.0666665555562963,0.09999966666888889,0.03333344444370372,3.333311111259259e-07,0.03333344444370372,0.03333344444370372,3.333311111259259e-07,0.16666588889407405,0.09999966666888889,0.03333344444370372,0.03333344444370372,0.03333344444370372,0.0
74,-23.963,2.654,-69.064,0,CB,CYS,L,L,-5.0,-8.0,-8.0,-8.0,12.0,-8.0,-8.0,-7.0,-8.0,-6.0,-6.0,-8.0,-6.0,-7.0,-8.0,-6.0,-6.0,-3.0,-7.0,-5.0,0.014598540145985403,0.020740740740740737,0.02857155101970845,0.02857155101970845,0.02857155101970845,2.8571265307055384e-07,0.1142853469408746,0.1142853469408746,2.8571265307055384e-07,2.8571265307055384e-07,0.02857155101970845,0.1142853469408746,0.02857155101970845,2.8571265307055384e-07,0.02857155101970845,0.08571408163381922,2.8571265307055384e-07,0.17142787755498537,0.17142787755498537,0.02857155101970845,0.02857155101970845,2.8571265307055384e-07,0.0
75,-18.734,4.904,-67.859,0,CB,LYS,L,L,-1.0,4.0,-2.0,-3.0,-4.0,1.0,-1.0,-1.0,-2.0,-4.0,-4.0,4.0,-3.0,-5.0,-3.0,2.0,3.0,-4.0,-4.0,-4.0,0.4713242961418144,0.4409756097560976,4.1666319447337963e-07,0.08333305555787036,0.041666736110532426,4.1666319447337963e-07,0.08333305555787036,0.08333305555787036,4.1666319447337963e-07,0.041666736110532426,4.1666319447337963e-07,0.12499937500520832,0.041666736110532426,4.1666319447337963e-07,4.1666319447337963e-07,0.12499937500520832,4.1666319447337963e-07,0.16666569445254625,0.12499937500520832,0.041666736110532426,0.041666736110532426,4.1666319447337963e-07,0.0
76,-21.364,5.274,-62.72,0,CB,SER,L,L,4.0,-3.0,-3.0,-4.0,-2.0,-3.0,-3.0,3.0,-3.0,-2.0,0.0,-3.0,-2.0,-4.0,-3.0,1.0,1.0,-4.0,-4.0,-2.0,0.011991657977059433,0.01769230769230769,4.1666319447337963e-07,0.08333305555787036,0.041666736110532426,4.1666319447337963e-07,0.041666736110532426,0.041666736110532426,4.1666319447337963e-07,0.041666736110532426,0.041666736110532426,0.12499937500520832,0.041666736110532426,0.041666736110532426,4.1666319447337963e-07,0.12499937500520832,4.1666319447337963e-07,0.16666569445254625,0.12499937500520832,0.041666736110532426,4.1666319447337963e-07,0.041666736110532426,0.0
77,-18.473,9.903,-61.707,0,CB,SER,L,L,-1.0,-3.0,0.0,-1.0,-3.0,-2.0,-2.0,-2.0,-2.0,-4.0,-4.0,-3.0,-3.0,-4.0,-2.0,6.0,0.0,-4.0,-4.0,-4.0,0.31334723670490094,0.4623076923076924,6.249921875976552e-07,0.06249984375195312,0.12499906251171863,6.249921875976552e-07,6.249921875976552e-07,0.06249984375195312,6.249921875976552e-07,0.06249984375195312,0.06249984375195312,0.06249984375195312,0.06249984375195312,6.249921875976552e-07,6.249921875976552e-07,0.12499906251171863,6.249921875976552e-07,0.12499906251171863,0.18749828127148413,0.06249984375195312,6.249921875976552e-07,6.249921875976552e-07,0.0
78,-19.723,7.096,-57.563,0,CB,GLN,L,L,-2.0,0.0,-1.0,-1.0,-1.0,6.0,0.0,-2.0,-1.0,-3.0,-2.0,0.0,-2.0,-3.0,-1.0,3.0,0.0,-3.0,-3.0,-3.0,0.5265901981230449,0.51010101010101,5.263102493657963e-07,5.263102493657963e-07,0.1052625761834086,5.263102493657963e-07,0.05263155124682899,0.05263155124682899,5.263102493657963e-07,0.05263155124682899,0.05263155124682899,0.1052625761834086,0.05263155124682899,0.05263155124682899,5.263102493657963e-07,0.05263155124682899,5.263102493657963e-07,0.26315565099314747,0.05263155124682899,0.05263155124682899,5.263102493657963e-07,0.05263155124682899,0.0
79,-18.378,1.93,-56.816,0,CB,SER,L,L,0.0,-1.0,1.0,2.0,-2.0,-1.0,-1.0,1.0,-2.0,-2.0,-2.0,-1.0,-1.0,-2.0,-1.0,4.0,-1.0,-2.0,-2.0,-2.0,0.30239833159541185,0.44615384615384607,5.263102493657963e-07,5.263102493657963e-07,0.05263155124682899,5.263102493657963e-07,0.05263155124682899,0.05263155124682899,5.263102493657963e-07,0.05263155124682899,0.05263155124682899,0.1052625761834086,5.263102493657963e-07,0.1052625761834086,5.263102493657963e-07,0.1052625761834086,5.263102493657963e-07,0.21052462605656783,0.1052625761834086,5.263102493657963e-07,5.263102493657963e-07,0.1052625761834086,0.0
80,-23.672,1.648,-59.198,0,CB,LEU,L,L,-1.0,-2.0,0.0,0.0,0.0,-1.0,-2.0,-2.0,-1.0,3.0,1.0,-2.0,0.0,-1.0,-2.0,-1.0,-1.0,-2.0,-2.0,2.0,0.0,0.0,0.06060599632729499,0.06060599632729499,0.030303149677880743,3.030284664941425e-07,0.06060599632729499,0.030303149677880743,0.030303149677880743,0.030303149677880743,0.06060599632729499,0.06060599632729499,0.030303149677880743,0.09090884297670924,3.030284664941425e-07,0.12121168962612348,3.030284664941425e-07,0.1515145362755377,0.09090884297670924,0.030303149677880743,3.030284664941425e-07,0.06060599632729499,0.0
81,-20.843,-2.338,-56.16,0,CB,LEU,L,L,0.0,0.0,0.0,0.0,0.0,0.0,0.0,0.0,-1.0,1.0,0.0,0.0,0.0,0.0,-1.0,0.0,0.0,0.0,1.0,0.0,0.23774765380604795,0.27804878048780485,5.263102493657963e-07,5.263102493657963e-07,5.263102493657963e-07,5.263102493657963e-07,0.05263155124682899,0.1052625761834086,5.263102493657963e-07,5.263102493657963e-07,0.05263155124682899,0.1052625761834086,5.263102493657963e-07,0.15789360111998824,5.263102493657963e-07,0.1052625761834086,5.263102493657963e-07,0.21052462605656783,0.1052625761834086,5.263102493657963e-07,5.263102493657963e-07,0.1052625761834086,0.0
82,-25.064,-1.857,-52.015,0,CB,ASN,L,L,0.0,0.0,1.0,1.0,0.0,-1.0,0.0,2.0,1.0,-1.0,-1.0,-1.0,-1.0,-1.0,-1.0,0.0,0.0,-1.0,1.0,-1.0,0.1965589155370177,0.24012738853503185,7.692189350933065e-07,7.692189350933065e-07,7.692189350933065e-07,7.692189350933065e-07,0.07692266272826574,0.07692266272826574,7.692189350933065e-07,7.692189350933065e-07,0.07692266272826574,0.15384455623759638,7.692189350933065e-07,0.15384455623759638,7.692189350933065e-07,0.07692266272826574,7.692189350933065e-07,0.15384455623759638,0.07692266272826574,7.692189350933065e-07,7.692189350933065e-07,0.15384455623759638,0.0
83,-19.666,-2.637,-49.55,0,CB,THR,L,L,0.0,-1.0,1.0,2.0,0.0,-1.0,0.0,-1.0,0.0,-1.0,-2.0,-1.0,-1.0,-1.0,-1.0,2.0,1.0,-1.0,1.0,-1.0,0.6454640250260687,0.8718309859154929,9.999800003999925e-07,9.999800003999925e-07,9.999800003999925e-07,9.999800003999925e-07,9.999800003999925e-07,9.999800003999925e-07,9.999800003999925e-07,9.999800003999925e-07,0.09999900001999965,0.19999700005999885,9.999800003999925e-07,0.19999700005999885,9.999800003999925e-07,0.09999900001999965,9.999800003999925e-07,0.19999700005999885,9.999800003999925e-07,9.999800003999925e-07,9.999800003999925e-07,0.19999700005999885,0.0
84,-23.794,-4.769,-46.833,0,CB,SER,L,L,0.0,-1.0,2.0,0.0,-1.0,0.0,0.0,1.0,0.0,-1.0,-1.0,0.0,-1.0,-1.0,0.0,2.0,1.0,-2.0,0.0,-1.0,0.5417101147028154,0.7992307692307693,1.249968750781231e-06,1.249968750781231e-06,1.249968750781231e-06,1.249968750781231e-06,1.249968750781231e-06,1.249968750781231e-06,1.249968750781231e-06,1.249968750781231e-06,0.12499812504687385,0.12499812504687385,1.249968750781231e-06,0.24999500012499692,1.249968750781231e-06,0.12499812504687385,1.249968750781231e-06,1.249968750781231e-06,0.12499812504687385,1.249968750781231e-06,1.249968750781231e-06,0.24999500012499692,0.0
85,-26.694,-5.017,-51.399,0,CB,ASN,L,L,-1.0,-1.0,2.0,0.0,-1.0,-1.0,-1.0,0.0,2.0,1.0,0.0,-1.0,0.0,0.0,-1.0,0.0,0.0,-1.0,0.0,0.0,0.4489051094890509,0.5484076433121019,9.0907438046581e-07,9.0907438046581e-07,9.0907438046581e-07,9.0907438046581e-07,0.09090834712096148,9.0907438046581e-07,9.0907438046581e-07,9.0907438046581e-07,0.09090834712096148,0.1818157851675425,9.0907438046581e-07,0.1818157851675425,9.0907438046581e-07,0.09090834712096148,9.0907438046581e-07,0.09090834712096148,0.09090834712096148,9.0907438046581e-07,9.0907438046581e-07,0.1818157851675425,0.0
86,-23.214,-8.708,-53.25,0,CB,GLN,L,L,-1.0,0.0,0.0,0.0,-1.0,0.0,-1.0,3.0,-1.0,-1.0,-2.0,-1.0,-2.0,-1.0,0.0,2.0,0.0,-1.0,-1.0,-1.0,0.6981230448383732,0.6762626262626265,9.0907438046581e-07,9.0907438046581e-07,9.0907438046581e-07,9.0907438046581e-07,0.09090834712096148,9.0907438046581e-07,9.0907438046581e-07,9.0907438046581e-07,0.09090834712096148,0.1818157851675425,9.0907438046581e-07,0.2727232232141235,9.0907438046581e-07,9.0907438046581e-07,9.0907438046581e-07,0.1818157851675425,0.09090834712096148,9.0907438046581e-07,9.0907438046581e-07,0.09090834712096148,0.0
87,-27.359,-5.41,-55.517,0,CB,LYS,L,L,0.0,0.0,2.0,1.0,-2.0,-1.0,-1.0,1.0,-1.0,-2.0,-3.0,1.0,-2.0,-1.0,-2.0,2.0,0.0,-1.0,2.0,-2.0,0.6147028154327424,0.5751219512195122,0.04761907029456863,4.7618594108627557e-07,4.7618594108627557e-07,4.7618594108627557e-07,0.09523766440319617,0.09523766440319617,0.04761907029456863,4.7618594108627557e-07,4.7618594108627557e-07,0.1428562585118237,4.7618594108627557e-07,0.1428562585118237,4.7618594108627557e-07,0.04761907029456863,4.7618594108627557e-07,0.19047485262045125,0.09523766440319617,4.7618594108627557e-07,4.7618594108627557e-07,0.09523766440319617,0.0
88,-24.389,-3.374,-59.871,0,CB,ASN,L,L,-2.0,0.0,4.0,0.0,-3.0,-1.0,-1.0,-2.0,0.0,-2.0,-3.0,1.0,-2.0,-2.0,-2.0,2.0,1.0,2.0,3.0,-2.0,0.09384775808133472,0.11464968152866242,0.07142841836844024,3.5714030614067055e-07,0.0357143877543732,3.5714030614067055e-07,0.07142841836844024,0.07142841836844024,0.0357143877543732,3.5714030614067055e-07,0.0357143877543732,0.10714244898250729,3.5714030614067055e-07,0.07142841836844024,3.5714030614067055e-07,0.14285647959657433,3.5714030614067055e-07,0.17857051021064138,0.07142841836844024,3.5714030614067055e-07,3.5714030614067055e-07,0.10714244898250729,0.0
89,-27.97,0.735,-57.588,0,CB,TYR,L,L,-2.0,-2.0,1.0,-1.0,0.0,-3.0,-2.0,-3.0,2.0,-3.0,-2.0,-3.0,-3.0,2.0,-3.0,-1.0,0.0,4.0,7.0,-3.0,0.18821689259645463,0.16261261261261256,0.0666665555562963,3.333311111259259e-07,3.333311111259259e-07,3.333311111259259e-07,0.0666665555562963,0.0666665555562963,0.03333344444370372,0.03333344444370372,0.03333344444370372,0.09999966666888889,0.03333344444370372,0.09999966666888889,3.333311111259259e-07,0.09999966666888889,3.333311111259259e-07,0.16666588889407405,0.0666665555562963,3.333311111259259e-07,0.03333344444370372,0.09999966666888889,0.0
90,-26.66,0.09,-63.306,0,CB,LEU,L,L,-1.0,-4.0,-5.0,-5.0,-3.0,-4.0,-5.0,-5.0,-1.0,3.0,3.0,-4.0,4.0,-2.0,-2.0,-3.0,-2.0,-4.0,-3.0,3.0,0.002085505735140772,0.0024390243902439024,0.048780493753689,0.048780493753689,0.024390368827469127,2.439012492621987e-07,0.07317061867990886,0.09756074360612872,0.024390368827469127,2.439012492621987e-07,0.048780493753689,0.1219508685323486,0.024390368827469127,0.024390368827469127,2.439012492621987e-07,0.07317061867990886,2.439012492621987e-07,0.1219508685323486,0.1219508685323486,0.024390368827469127,0.024390368827469127,0.09756074360612872,0.0
91,-32.268,0.993,-64.244,0,CB,ALA,L,L,2.0,0.0,3.0,-1.0,-2.0,0.0,-1.0,0.0,5.0,-4.0,-4.0,-2.0,-3.0,-1.0,-3.0,2.0,-1.0,-4.0,2.0,-3.0,0.009384775808133471,0.016981132075471694,0.032258178979490466,0.06451603538041692,3.225785640092646e-07,3.225785640092646e-07,0.16128960458319627,0.032258178979490466,0.032258178979490466,3.225785640092646e-07,0.032258178979490466,0.16128960458319627,0.032258178979490466,0.032258178979490466,3.225785640092646e-07,0.1290317481822698,3.225785640092646e-07,0.032258178979490466,0.06451603538041692,0.032258178979490466,0.032258178979490466,0.1290317481822698,0.0
92,-30.898,-0.836,-69.385,0,CB,TRP,L,L,-8.0,-5.0,-9.0,-9.0,-7.0,-7.0,-8.0,-8.0,-7.0,-7.0,-5.0,-8.0,-6.0,-2.0,-9.0,-8.0,-7.0,13.0,-3.0,-8.0,0.0010427528675703858,0.000881057268722467,0.04166670138874421,0.04166670138874421,0.04166670138874421,0.020833454860604745,0.12499968750130204,0.08333319444502314,0.020833454860604745,0.020833454860604745,0.04166670138874421,0.1041664409731626,0.020833454860604745,2.0833246528139465e-07,0.020833454860604745,0.1041664409731626,2.0833246528139465e-07,0.08333319444502314,0.12499968750130204,0.04166670138874421,2.0833246528139465e-07,0.06249994791688367,0.0
93,-34.813,3.313,-69.887,0,CB,TYR,L,L,-6.0,-6.0,-5.0,-7.0,-3.0,-6.0,-6.0,-7.0,2.0,-3.0,-3.0,-6.0,-5.0,3.0,-7.0,-5.0,-6.0,-2.0,9.0,-1.0,0.24452554744525537,0.21126126126126127,0.03333344444370372,0.03333344444370372,0.03333344444370372,3.33331111125926e-07,0.13333277778148148,0.06666655555629632,0.03333344444370372,3.33331111125926e-07,0.06666655555629632,0.16666588889407408,3.33331111125926e-07,3.33331111125926e-07,0.03333344444370372,0.16666588889407408,3.33331111125926e-07,0.06666655555629632,0.06666655555629632,0.03333344444370372,0.03333344444370372,0.03333344444370372,0.0
94,-43.429,6.698,-71.101,0,CB,SER,L,L,5.0,-2.0,-3.0,-3.0,-4.0,-2.0,-3.0,0.0,-4.0,-3.0,-4.0,-2.0,-4.0,-5.0,3.0,2.0,1.0,-6.0,-5.0,-2.0,0.513555787278415,0.7576923076923076,9.0907438046581e-07,9.0907438046581e-07,9.0907438046581e-07,9.0907438046581e-07,0.09090834712096148,0.09090834712096148,9.0907438046581e-07,9.0907438046581e-07,0.1818157851675425,0.09090834712096148,9.0907438046581e-07,9.0907438046581e-07,0.1818157851675425,0.2727232232141235,9.0907438046581e-07,9.0907438046581e-07,9.0907438046581e-07,9.0907438046581e-07,9.0907438046581e-07,0.09090834712096148,0.0
95,-38.263,5.992,-70.152,0,CB,PRO,L,L,-5.0,-5.0,-5.0,-6.0,-7.0,-6.0,-5.0,-7.0,-4.0,-4.0,-1.0,-5.0,-6.0,-4.0,9.0,-4.0,-5.0,-8.0,-7.0,-5.0,0.34932221063607927,0.4926470588235296,7.142755103498525e-07,7.142755103498525e-07,0.07142826531049559,7.142755103498525e-07,0.14285581634548083,0.07142826531049559,7.142755103498525e-07,7.142755103498525e-07,0.14285581634548083,0.14285581634548083,7.142755103498525e-07,7.142755103498525e-07,7.142755103498525e-07,0.21428336738046608,7.142755103498525e-07,0.07142826531049559,7.142755103498525e-07,7.142755103498525e-07,0.07142826531049559,0.07142826531049559,0.0
96,-38.105,-0.434,-66.665,0,CB,LEU,L,L,-3.0,-2.0,-4.0,-5.0,-4.0,-3.0,-4.0,-3.0,-4.0,-1.0,5.0,-4.0,0.0,1.0,-2.0,-3.0,0.0,3.0,1.0,-1.0,0.22784150156412927,0.26646341463414636,0.04347831757984714,4.347788280101913e-07,4.347788280101913e-07,0.04347831757984714,0.08695620038086625,0.04347831757984714,0.04347831757984714,4.347788280101913e-07,0.04347831757984714,0.08695620038086625,4.347788280101913e-07,4.347788280101913e-07,0.08695620038086625,0.1304340831818854,0.04347831757984714,0.08695620038086625,0.04347831757984714,0.08695620038086625,0.04347831757984714,0.08695620038086625,1.0
97,-34.638,-2.873,-70.764,0,CB,LEU,L,L,-4.0,-4.0,-6.0,-6.0,-3.0,-5.0,-5.0,-6.0,-5.0,2.0,5.0,-5.0,2.0,-2.0,-5.0,-5.0,-4.0,2.0,-4.0,2.0,0.0,0.0,0.03030314967788075,3.0302846649414253e-07,0.060605996327295,0.03030314967788075,0.09090884297670924,0.060605996327295,3.0302846649414253e-07,0.060605996327295,0.060605996327295,0.12121168962612348,3.0302846649414253e-07,3.0302846649414253e-07,0.060605996327295,0.060605996327295,0.060605996327295,0.09090884297670924,0.060605996327295,0.060605996327295,0.03030314967788075,0.060605996327295,0.0
98,-31.565,-4.33,-67.59,0,CB,VAL,L,L,-3.0,-6.0,-6.0,-6.0,-4.0,-5.0,-6.0,-4.0,-3.0,7.0,1.0,-5.0,1.0,-2.0,-6.0,-5.0,-2.0,-5.0,-4.0,1.0,0.0031282586027111567,0.004225352112676056,0.06896538644561073,0.03448286563540942,3.4482520810201324e-07,0.03448286563540942,0.10344790725581204,0.03448286563540942,0.03448286563540942,0.03448286563540942,0.03448286563540942,0.13793042806601336,3.4482520810201324e-07,3.4482520810201324e-07,0.03448286563540942,0.06896538644561073,0.03448286563540942,0.10344790725581204,0.10344790725581204,0.03448286563540942,0.03448286563540942,0.06896538644561073,0.0
99,-33.81,-2.952,-62.517,0,CB,TYR,L,L,-5.0,0.0,-3.0,-1.0,-1.0,-4.0,-5.0,-3.0,3.0,-4.0,-4.0,-2.0,-3.0,1.0,-6.0,-2.0,-4.0,2.0,9.0,-4.0,0.4661105318039624,0.4027027027027028,0.09999950000499996,4.999950000499998e-07,4.999950000499998e-07,0.05000000000000002,0.05000000000000002,0.05000000000000002,0.05000000000000002,4.999950000499998e-07,4.999950000499998e-07,0.1499990000099999,4.999950000499998e-07,0.05000000000000002,4.999950000499998e-07,0.05000000000000002,0.05000000000000002,0.09999950000499996,0.05000000000000002,0.09999950000499996,0.05000000000000002,0.09999950000499996,1.0
100,-30.391,-5.096,-59.576,0,CB,PHE,L,L,0.0,0.0,1.0,2.0,-3.0,0.0,1.0,2.0,0.0,-3.0,-2.0,0.0,-2.0,-1.0,-1.0,0.0,-1.0,3.0,3.0,-3.0,0.39103232533889454,0.380710659898477,0.08333305555787036,4.1666319447337947e-07,4.1666319447337947e-07,4.1666319447337947e-07,0.04166673611053242,0.08333305555787036,0.04166673611053242,4.1666319447337947e-07,0.04166673611053242,0.12499937500520832,4.1666319447337947e-07,0.12499937500520832,4.1666319447337947e-07,0.08333305555787036,0.04166673611053242,0.08333305555787036,0.04166673611053242,0.04166673611053242,0.04166673611053242,0.12499937500520832,0.0
101,-26.07,-4.609,-62.906,0,CB,ALA,L,L,3.0,-3.0,2.0,3.0,-1.0,-3.0,-2.0,0.0,-2.0,-2.0,-3.0,-2.0,-2.0,-2.0,-1.0,0.0,2.0,-5.0,-2.0,0.0,0.020855057351407715,0.037735849056603765,0.040000079999360005,3.9999680002559995e-07,0.040000079999360005,3.9999680002559995e-07,0.07999976000191998,0.11999944000447998,0.040000079999360005,0.040000079999360005,0.040000079999360005,0.11999944000447998,3.9999680002559995e-07,0.040000079999360005,3.9999680002559995e-07,0.040000079999360005,0.040000079999360005,0.11999944000447998,0.07999976000191998,0.040000079999360005,0.040000079999360005,0.07999976000191998,0.0
102,-27.457,-8.796,-64.509,0,CB,SER,L,L,-2.0,-2.0,4.0,0.0,-3.0,-2.0,-3.0,-3.0,-2.0,-4.0,-5.0,-1.0,-4.0,-4.0,-3.0,5.0,2.0,-5.0,-2.0,-3.0,0.4098018769551616,0.6046153846153846,0.09523766440319617,4.7618594108627557e-07,4.7618594108627557e-07,0.04761907029456863,0.1428562585118237,0.09523766440319617,0.04761907029456863,0.04761907029456863,0.04761907029456863,0.09523766440319617,4.7618594108627557e-07,0.04761907029456863,4.7618594108627557e-07,4.7618594108627557e-07,0.04761907029456863,0.04761907029456863,0.09523766440319617,0.04761907029456863,0.04761907029456863,0.04761907029456863,0.0
103,-32.87,-8.55,-62.622,0,CB,THR,L,L,-1.0,1.0,4.0,0.0,-4.0,1.0,0.0,-3.0,0.0,-2.0,-3.0,1.0,-2.0,-3.0,-3.0,2.0,3.0,-4.0,-1.0,-3.0,0.2966631908237748,0.40070422535211264,0.09523766440319617,4.7618594108627557e-07,4.7618594108627557e-07,0.04761907029456863,0.09523766440319617,0.04761907029456863,0.04761907029456863,0.04761907029456863,0.04761907029456863,0.1428562585118237,4.7618594108627557e-07,0.04761907029456863,4.7618594108627557e-07,4.7618594108627557e-07,0.04761907029456863,0.1428562585118237,4.7618594108627557e-07,0.09523766440319617,0.04761907029456863,0.04761907029456863,0.0
104,-34.703,-9.392,-68.098,0,CB,ARG,L,L,-4.0,7.0,-3.0,-5.0,-4.0,0.0,-3.0,-3.0,-2.0,-4.0,2.0,0.0,-3.0,-4.0,-4.0,-2.0,-1.0,0.0,-4.0,-4.0,0.6491136600625651,0.5020161290322578,0.05263155124682899,5.263102493657963e-07,0.05263155124682899,0.05263155124682899,0.1052625761834086,0.1052625761834086,5.263102493657963e-07,0.05263155124682899,5.263102493657963e-07,0.15789360111998824,5.263102493657963e-07,5.263102493657963e-07,0.05263155124682899,5.263102493657963e-07,0.05263155124682899,0.1052625761834086,0.05263155124682899,0.1052625761834086,5.263102493657963e-07,0.05263155124682899,0.0
105,-38.22,-5.225,-66.668,0,CB,GLU,L,L,2.0,-2.0,-3.0,-1.0,-4.0,1.0,1.0,1.0,1.0,-2.0,-2.0,-2.0,-3.0,0.0,5.0,-1.0,-2.0,-2.0,0.0,-2.0,0.367049009384776,0.3628865979381444,6.666577778962951e-07,6.666577778962951e-07,0.0666664444474074,6.666577778962951e-07,0.0666664444474074,0.0666664444474074,6.666577778962951e-07,6.666577778962951e-07,0.0666664444474074,0.1333322222370369,6.666577778962951e-07,6.666577778962951e-07,0.0666664444474074,6.666577778962951e-07,0.0666664444474074,0.1333322222370369,0.0666664444474074,0.1333322222370369,0.0666664444474074,0.0666664444474074,1.0
106,-37.641,-7.096,-71.022,0,CB,VAL,L,L,-2.0,-5.0,-5.0,-4.0,-3.0,-4.0,-5.0,-5.0,-5.0,5.0,-1.0,-4.0,-1.0,-2.0,-4.0,-3.0,1.0,-2.0,-2.0,5.0,0.053180396246089674,0.07183098591549296,5.555493827846358e-07,5.555493827846358e-07,0.055555493827846365,0.055555493827846365,0.055555493827846365,0.055555493827846365,5.555493827846358e-07,0.055555493827846365,0.055555493827846365,0.16666537038477355,5.555493827846358e-07,5.555493827846358e-07,0.055555493827846365,0.055555493827846365,0.11111043210630996,0.055555493827846365,0.055555493827846365,0.055555493827846365,0.055555493827846365,0.055555493827846365,0.0
107,-27.236,-6.415,-68.791,0,CA,GLY,L,L,0.0,-4.0,-3.0,-2.0,-5.0,-4.0,-4.0,7.0,-4.0,-4.0,-5.0,-4.0,-5.0,-5.0,-2.0,-2.0,-4.0,-1.0,-2.0,-4.0,0.029197080291970805,0.06666666666666667,0.045454586776483855,4.5454132235161515e-07,0.045454586776483855,4.5454132235161515e-07,0.1363628512468069,0.045454586776483855,4.5454132235161515e-07,0.09090871901164536,4.5454132235161515e-07,0.1818169834819684,4.5454132235161515e-07,4.5454132235161515e-07,4.5454132235161515e-07,4.5454132235161515e-07,0.09090871901164536,0.09090871901164536,0.1363628512468069,0.045454586776483855,0.045454586776483855,0.045454586776483855,0.0
108,-23.117,-8.116,-67.762,0,CB,SER,L,L,-1.0,-1.0,-2.0,-1.0,-4.0,-1.0,-3.0,-2.0,-2.0,-4.0,-3.0,-2.0,-4.0,-3.0,-3.0,6.0,0.0,-5.0,-3.0,-4.0,0.27945776850886334,0.4123076923076923,0.04347831757984714,0.04347831757984714,0.04347831757984714,4.347788280101913e-07,0.1304340831818854,0.1304340831818854,4.347788280101913e-07,0.04347831757984714,4.347788280101913e-07,0.1304340831818854,4.347788280101913e-07,0.04347831757984714,4.347788280101913e-07,4.347788280101913e-07,4.347788280101913e-07,0.1304340831818854,0.1739119659829045,0.04347831757984714,0.04347831757984714,4.347788280101913e-07,0.0
109,-19.838,-5.228,-60.968,0,CB,SER,L,L,-2.0,-4.0,-2.0,0.0,-4.0,-3.0,-3.0,-3.0,-2.0,-3.0,-3.0,-3.0,-4.0,-2.0,1.0,6.0,0.0,-2.0,-1.0,-4.0,0.392075078206465,0.5784615384615384,0.05263155124682899,0.05263155124682899,0.05263155124682899,5.263102493657963e-07,0.05263155124682899,0.1052625761834086,5.263102493657963e-07,5.263102493657963e-07,0.05263155124682899,0.15789360111998824,5.263102493657963e-07,0.05263155124682899,5.263102493657963e-07,0.1052625761834086,5.263102493657963e-07,0.15789360111998824,0.1052625761834086,5.263102493657963e-07,5.263102493657963e-07,0.05263155124682899,0.0
110,-18.685,-1.051,-60.024,0,CA,GLY,L,L,-1.0,-2.0,-1.0,-3.0,-5.0,-4.0,-2.0,6.0,1.0,-5.0,-5.0,-2.0,-1.0,-5.0,-4.0,-1.0,-3.0,-5.0,-3.0,-4.0,0.07977059436913451,0.1821428571428572,0.04347831757984715,0.04347831757984715,0.04347831757984715,4.347788280101914e-07,0.04347831757984715,0.04347831757984715,4.347788280101914e-07,0.04347831757984715,0.08695620038086627,0.13043408318188543,0.04347831757984715,0.08695620038086627,4.347788280101914e-07,0.04347831757984715,4.347788280101914e-07,0.21738984878392367,0.04347831757984715,4.347788280101914e-07,4.347788280101914e-07,0.08695620038086627,0.0
111,-17.19,2.585,-62.555,0,CB,THR,L,L,-1.0,-2.0,4.0,-1.0,-3.0,-2.0,-2.0,-2.0,-3.0,-3.0,-4.0,-1.0,-3.0,-4.0,-2.0,2.0,5.0,-2.0,-3.0,-3.0,0.2685088633993744,0.3626760563380281,4.7618594108627557e-07,0.04761907029456863,0.04761907029456863,4.7618594108627557e-07,0.04761907029456863,0.09523766440319617,4.7618594108627557e-07,0.04761907029456863,0.04761907029456863,0.1428562585118237,0.04761907029456863,0.04761907029456863,4.7618594108627557e-07,0.04761907029456863,4.7618594108627557e-07,0.2380934467290788,0.09523766440319617,0.04761907029456863,4.7618594108627557e-07,4.7618594108627557e-07,0.0
112,-23.078,-0.968,-66.655,0,CB,PHE,L,L,3.0,-1.0,-2.0,-4.0,-4.0,-3.0,-3.0,0.0,0.0,-3.0,-3.0,-2.0,-2.0,6.0,-4.0,-2.0,-2.0,-2.0,2.0,-2.0,0.011991657977059433,0.0116751269035533,0.0540540321403668,0.0540540321403668,0.02702715120458808,2.702688093577872e-07,0.02702715120458808,0.08108091307614552,2.702688093577872e-07,0.02702715120458808,0.0540540321403668,0.13513467494770295,0.02702715120458808,0.02702715120458808,2.702688093577872e-07,0.10810779401192425,2.702688093577872e-07,0.1891884368192604,0.13513467494770295,2.702688093577872e-07,0.02702715120458808,0.02702715120458808,0.0
113,-30.594,2.283,-75.184,0,CB,PHE,L,L,-4.0,-4.0,-5.0,-5.0,-5.0,-4.0,-5.0,-5.0,-2.0,-4.0,-4.0,-5.0,-4.0,1.0,-5.0,-4.0,-1.0,-1.0,9.0,-1.0,0.0010427528675703858,0.0010152284263959391,0.025000124999375,0.05,0.05,0.05,0.05,0.074999875000625,2.4999875000625e-07,0.05,0.074999875000625,0.14999950000249995,2.4999875000625e-07,2.4999875000625e-07,0.025000124999375,0.12499962500187496,0.025000124999375,0.09999975000124996,0.05,0.05,0.025000124999375,0.025000124999375,0.0
114,-31.76,6.302,-70.978,0,CB,PHE,L,L,-4.0,-5.0,-3.0,-6.0,-2.0,-2.0,-2.0,-6.0,1.0,-1.0,-4.0,-5.0,-4.0,5.0,-6.0,-4.0,-5.0,0.0,8.0,-1.0,0.18196037539103227,0.1771573604060913,0.031250117186767595,0.062499921875488286,0.031250117186767595,3.1249804688720706e-07,0.062499921875488286,0.09374972656420899,3.1249804688720706e-07,3.1249804688720706e-07,0.09374972656420899,0.15624933594165039,0.031250117186767595,3.1249804688720706e-07,0.031250117186767595,0.18749914063037107,3.1249804688720706e-07,0.062499921875488286,0.062499921875488286,0.031250117186767595,0.031250117186767595,0.031250117186767595,0.0
115,-27.416,3.476,-68.403,0,CB,CYS,L,L,-1.0,-7.0,-6.0,-2.0,11.0,-7.0,-7.0,-4.0,-7.0,-5.0,-5.0,-7.0,-5.0,-6.0,-7.0,-2.0,-5.0,-7.0,-6.0,-2.0,0.0,0.0,0.03030314967788075,0.03030314967788075,0.03030314967788075,3.0302846649414253e-07,0.12121168962612348,0.09090884297670924,0.03030314967788075,3.0302846649414253e-07,0.03030314967788075,0.12121168962612348,0.03030314967788075,3.0302846649414253e-07,3.0302846649414253e-07,0.12121168962612348,3.0302846649414253e-07,0.09090884297670924,0.12121168962612348,0.060605996327295,0.03030314967788075,0.060605996327295,0.0
116,-31.294,5.396,-64.83,0,CB,GLN,L,L,0.0,-1.0,-2.0,-3.0,-1.0,5.0,-1.0,0.0,0.0,-2.0,1.0,-2.0,1.0,-2.0,-4.0,1.0,-2.0,0.0,0.0,-2.0,0.08237747653806046,0.07979797979797981,0.06896538644561075,0.06896538644561075,3.4482520810201324e-07,3.4482520810201324e-07,0.17241294887621467,0.03448286563540942,0.03448286563540942,0.03448286563540942,3.4482520810201324e-07,0.10344790725581204,0.03448286563540942,0.03448286563540942,0.03448286563540942,0.06896538644561075,3.4482520810201324e-07,0.03448286563540942,0.03448286563540942,0.03448286563540942,0.03448286563540942,0.17241294887621467,0.0
117,-26.867,5.519,-61.07,0,CB,GLN,L,L,-1.0,-1.0,-2.0,-1.0,-1.0,5.0,0.0,-1.0,2.0,-1.0,-2.0,-1.0,-2.0,-4.0,-3.0,2.0,-1.0,-5.0,-3.0,2.0,0.0010427528675703858,0.0010101010101010099,0.03333344444370372,0.0666665555562963,0.03333344444370372,3.333311111259259e-07,0.09999966666888889,0.03333344444370372,0.03333344444370372,0.03333344444370372,0.03333344444370372,0.0666665555562963,0.03333344444370372,0.03333344444370372,0.03333344444370372,0.0666665555562963,3.333311111259259e-07,0.13333277778148145,0.0666665555562963,0.03333344444370372,0.03333344444370372,0.13333277778148145,0.0
118,-31.923,2.989,-59.256,0,CB,HIS,L,L,-2.0,1.0,-2.0,0.0,-3.0,-3.0,-2.0,0.0,2.0,-3.0,-3.0,-3.0,-3.0,1.0,-5.0,1.0,0.0,7.0,6.0,-3.0,0.2064650677789364,0.21521739130434783,0.07692286982407828,0.03846162721825218,3.846124260582612e-07,3.846124260582612e-07,0.03846162721825218,3.846124260582612e-07,3.846124260582612e-07,0.03846162721825218,0.03846162721825218,0.1153841124299044,0.03846162721825218,0.03846162721825218,0.03846162721825218,0.07692286982407828,3.846124260582612e-07,0.07692286982407828,0.1153841124299044,0.03846162721825218,0.03846162721825218,0.1923065976415566,0.0
119,-26.563,3.942,-56.616,0,CB,TYR,L,L,0.0,-2.0,2.0,3.0,-4.0,0.0,-2.0,-2.0,2.0,-2.0,-3.0,-1.0,-2.0,1.0,-2.0,1.0,-1.0,1.0,4.0,-1.0,0.4108446298227319,0.35495495495495494,0.040000079999360005,3.9999680002559995e-07,3.9999680002559995e-07,3.9999680002559995e-07,0.040000079999360005,0.040000079999360005,0.040000079999360005,0.040000079999360005,0.040000079999360005,0.11999944000447998,0.040000079999360005,0.11999944000447998,0.040000079999360005,0.11999944000447998,3.9999680002559995e-07,0.11999944000447998,0.11999944000447998,3.9999680002559995e-07,3.9999680002559995e-07,0.07999976000191998,0.0
120,-26.676,7.815,-54.552,0,CB,SER,L,L,-1.0,-1.0,1.0,0.0,-2.0,0.0,0.0,1.0,1.0,-2.0,-1.0,-1.0,-1.0,-2.0,-2.0,3.0,0.0,-1.0,1.0,-2.0,0.26642335766423353,0.3930769230769232,7.142755103498524e-07,7.142755103498524e-07,0.07142826531049559,7.142755103498524e-07,7.142755103498524e-07,7.142755103498524e-07,0.07142826531049559,0.07142826531049559,7.142755103498524e-07,0.07142826531049559,7.142755103498524e-07,7.142755103498524e-07,0.07142826531049559,0.21428336738046605,7.142755103498524e-07,0.07142826531049559,0.14285581634548083,7.142755103498524e-07,7.142755103498524e-07,0.21428336738046605,0.0
121,-31.412,11.053,-54.113,0,CB,THR,L,L,-1.0,-2.0,1.0,0.0,0.0,-2.0,-1.0,-2.0,-1.0,-1.0,0.0,-3.0,-3.0,1.0,0.0,2.0,3.0,2.0,2.0,-1.0,0.5318039624608968,0.7183098591549297,1.1110864203017715e-06,1.1110864203017715e-06,0.11110975311659745,1.1110864203017715e-06,1.1110864203017715e-06,1.1110864203017715e-06,0.11110975311659745,0.11110975311659745,1.1110864203017715e-06,1.1110864203017715e-06,1.1110864203017715e-06,1.1110864203017715e-06,0.11110975311659745,0.11110975311659745,1.1110864203017715e-06,0.11110975311659745,0.11110975311659745,1.1110864203017715e-06,1.1110864203017715e-06,0.22221839514677455,0.0
122,-30.126,14.05,-57.794,0,CB,PRO,L,L,-1.0,-3.0,-1.0,-2.0,4.0,-2.0,-4.0,-1.0,-1.0,-3.0,0.0,-4.0,-1.0,-2.0,6.0,-1.0,-2.0,4.0,-3.0,0.0,0.3581856100104276,0.5051470588235293,7.692189350933067e-07,7.692189350933067e-07,0.07692266272826574,7.692189350933067e-07,0.07692266272826574,7.692189350933067e-07,0.07692266272826574,0.07692266272826574,7.692189350933067e-07,7.692189350933067e-07,0.07692266272826574,7.692189350933067e-07,7.692189350933067e-07,0.1538445562375964,7.692189350933067e-07,0.07692266272826574,0.1538445562375964,0.07692266272826574,7.692189350933067e-07,0.1538445562375964,0.0
123,-32.132,8.928,-59.642,0,CB,TYR,L,L,0.0,0.0,-2.0,-3.0,-1.0,-1.0,-1.0,-2.0,2.0,-2.0,-1.0,-3.0,-2.0,2.0,2.0,-2.0,-1.0,6.0,5.0,-2.0,0.6470281543274243,0.559009009009009,6.666577778962951e-07,0.0666664444474074,0.0666664444474074,6.666577778962951e-07,0.0666664444474074,0.0666664444474074,0.0666664444474074,0.0666664444474074,6.666577778962951e-07,6.666577778962951e-07,0.0666664444474074,6.666577778962951e-07,0.0666664444474074,0.1333322222370369,6.666577778962951e-07,0.0666664444474074,0.1333322222370369,6.666577778962951e-07,6.666577778962951e-07,0.1333322222370369,0.0
124,-27.716,11.091,-62.701,0,CB,THR,L,L,-1.0,-3.0,-3.0,-3.0,-3.0,-4.0,-4.0,-4.0,-6.0,1.0,-2.0,-4.0,-2.0,0.0,-4.0,-2.0,6.0,-2.0,2.0,3.0,0.1626694473409802,0.2197183098591549,0.03703713305827365,0.07407389574892038,0.03703713305827365,3.7036762690646747e-07,0.07407389574892038,0.07407389574892038,0.03703713305827365,0.03703713305827365,3.7036762690646747e-07,0.07407389574892038,0.03703713305827365,3.7036762690646747e-07,0.03703713305827365,0.11111065843956712,3.7036762690646747e-07,0.11111065843956712,0.07407389574892038,0.03703713305827365,3.7036762690646747e-07,0.14814742113021387,0.0
125,-30.737,9.536,-67.234,0,CB,PHE,L,L,-6.0,-6.0,-8.0,-9.0,-1.0,-6.0,-8.0,-6.0,-4.0,-4.0,-2.0,-8.0,-3.0,9.0,-9.0,-5.0,-6.0,2.0,-2.0,-3.0,0.597497393117831,0.5817258883248729,0.04761907029456863,0.09523766440319617,4.7618594108627557e-07,4.7618594108627557e-07,0.04761907029456863,0.1428562585118237,4.7618594108627557e-07,0.04761907029456863,0.04761907029456863,4.7618594108627557e-07,0.04761907029456863,4.7618594108627557e-07,0.09523766440319617,0.1428562585118237,4.7618594108627557e-07,4.7618594108627557e-07,0.09523766440319617,0.04761907029456863,0.04761907029456863,0.09523766440319617,0.0
126,-26.907,8.867,-69.172,0,CA,GLY,L,L,-5.0,-7.0,-3.0,-4.0,-2.0,-2.0,-6.0,7.0,-7.0,-5.0,-1.0,-6.0,-6.0,-4.0,-7.0,-3.0,-3.0,-7.0,-7.0,-5.0,0.03336809176225235,0.07619047619047617,0.04166673611053242,0.08333305555787036,4.1666319447337947e-07,4.1666319447337947e-07,0.12499937500520832,0.08333305555787036,4.1666319447337947e-07,0.04166673611053242,0.04166673611053242,0.04166673611053242,0.04166673611053242,4.1666319447337947e-07,4.1666319447337947e-07,0.12499937500520832,4.1666319447337947e-07,0.08333305555787036,0.12499937500520832,0.04166673611053242,0.04166673611053242,0.08333305555787036,0.0
127,-27.24,10.92,-72.361,0,CA,GLY,L,L,0.0,-3.0,-3.0,-3.0,-4.0,4.0,-3.0,5.0,-1.0,-6.0,-4.0,-3.0,-5.0,-2.0,-1.0,1.0,-1.0,-6.0,-6.0,-5.0,0.3863399374348279,0.8821428571428571,5.882283737838381e-07,0.11764626298514139,0.058823425606757594,5.882283737838381e-07,0.17646910036352517,0.11764626298514139,5.882283737838381e-07,5.882283737838381e-07,0.058823425606757594,5.882283737838381e-07,0.058823425606757594,5.882283737838381e-07,0.058823425606757594,0.058823425606757594,5.882283737838381e-07,0.11764626298514139,0.17646910036352517,5.882283737838381e-07,5.882283737838381e-07,5.882283737838381e-07,0.0
128,-28.283,7.853,-74.347,0,CA,GLY,L,L,-4.0,-4.0,-4.0,-4.0,-2.0,-5.0,-4.0,7.0,-4.0,-7.0,-8.0,-5.0,-7.0,-3.0,0.0,-3.0,-5.0,-3.0,-7.0,-7.0,0.07664233576642335,0.17499999999999996,4.5454132235161526e-07,0.04545458677648386,0.04545458677648386,4.5454132235161526e-07,0.1363628512468069,0.09090871901164538,4.5454132235161526e-07,4.5454132235161526e-07,0.04545458677648386,0.09090871901164538,0.04545458677648386,4.5454132235161526e-07,0.04545458677648386,0.04545458677648386,4.5454132235161526e-07,0.2272711157171299,0.09090871901164538,4.5454132235161526e-07,0.04545458677648386,0.04545458677648386,0.0
